"Date","Value"
"12/5/2025","76.9708"
"12/4/2025","77.9556"
"12/3/2025","77.4631"
"12/2/2025","77.7027"
"11/29/2025","78.2284"
"11/28/2025","78.2503"
"11/27/2025","78.5941"
"11/26/2025","78.9615"
"11/25/2025","78.9202"
"11/22/2025","79.0246"
"11/21/2025","80.7321"
"11/20/2025","80.9448"
"11/19/2025","81.0547"
"11/18/2025","81.1302"
"11/15/2025","81.1276"
"11/14/2025","80.6010"
"11/13/2025","81.2852"
"11/12/2025","81.3562"
"11/11/2025","81.0132"
"11/8/2025","81.2257"
"11/7/2025","81.3765"
"11/6/2025","81.1885"
"11/2/2025","80.8861"
"11/1/2025","80.9756"
"10/31/2025","80.5037"
"10/30/2025","79.4715"
"10/29/2025","79.8174"
"10/28/2025","78.9848"
"10/25/2025","80.9713"
"10/24/2025","81.2690"
"10/23/2025","81.6549"
"10/22/2025","81.3475"
"10/21/2025","81.3582"
"10/18/2025","80.9834"
"10/17/2025","79.0839"
"10/16/2025","78.8390"
"10/15/2025","79.9589"
"10/14/2025","80.8548"
"10/11/2025","81.1898"
"10/10/2025","81.4103"
"10/9/2025","81.5478"
"10/8/2025","81.9349"
"10/7/2025","83.0000"
"10/4/2025","81.8969"
"10/3/2025","81.0085"
"10/2/2025","81.4967"
"10/1/2025","82.6084"
"9/30/2025","82.8676"
"9/27/2025","83.6118"
"9/26/2025","83.6069"
"9/25/2025","83.9914"
"9/24/2025","83.3506"
"9/23/2025","84.0186"
"9/20/2025","83.5904"
"9/19/2025","83.1725"
"9/18/2025","82.9987"
"9/17/2025","82.8359"
"9/16/2025","83.0718"
"9/13/2025","84.3798"
"9/12/2025","85.6647"
"9/11/2025","84.9211"
"9/10/2025","83.2425"
"9/9/2025","82.3397"
"9/6/2025","81.5556"
"9/5/2025","81.2977"
"9/4/2025","80.8488"
"9/3/2025","80.5947"
"9/2/2025","80.4261"
"8/30/2025","80.3316"
"8/29/2025","80.2918"
"8/28/2025","80.4421"
"8/27/2025","80.5268"
"8/26/2025","80.6842"
"8/23/2025","80.7498"
"8/22/2025","80.2548"
"8/21/2025","80.1045"
"8/20/2025","80.3466"
"8/19/2025","80.4256"
"8/16/2025","80.0224"
"8/15/2025","79.7653"
"8/14/2025","79.6032"
"8/13/2025","79.8714"
"8/12/2025","79.6677"
"8/9/2025","79.7796"
"8/8/2025","79.3847"
"8/7/2025","80.1914"
"8/6/2025","80.0490"
"8/5/2025","79.6736"
"8/2/2025","80.3289"
"8/1/2025","80.3163"
"7/31/2025","81.8347"
"7/30/2025","82.2197"
"7/29/2025","79.5782"
"7/26/2025","79.5527"
"7/25/2025","78.8623"
"7/24/2025","78.4477"
"7/23/2025","78.0882"
"7/22/2025","78.3274"
"7/19/2025","78.3129"
"7/18/2025","78.1856"
"7/17/2025","77.9585"
"7/16/2025","77.9584"
"7/15/2025","78.3722"
"7/12/2025","77.8855"
"7/11/2025","77.9029"
"7/10/2025","78.1727"
"7/9/2025","78.1682"
"7/8/2025","78.7185"
"7/5/2025","78.8354"
"7/4/2025","78.7831"
"7/3/2025","78.6540"
"7/2/2025","78.4181"
"7/1/2025","78.5284"
"6/28/2025","78.4685"
"6/27/2025","78.2117"
"6/26/2025","78.1959"
"6/25/2025","78.3892"
"6/24/2025","78.2923"
"6/21/2025","78.5016"
"6/20/2025","78.4839"
"6/19/2025","78.7174"
"6/18/2025","78.7135"
"6/17/2025","78.5067"
"6/12/2025","79.0028"
"6/11/2025","78.6003"
"6/10/2025","79.1543"
"6/7/2025","79.1703"
"6/6/2025","79.1272"
"6/5/2025","78.5025"
"6/4/2025","78.8549"
"6/3/2025","79.1285"
"5/31/2025","78.6171"
"5/30/2025","78.4970"
"5/29/2025","79.6037"
"5/28/2025","79.6176"
"5/27/2025","79.6588"
"5/24/2025","79.7108"
"5/23/2025","79.7357"
"5/22/2025","79.7530"
"5/21/2025","80.3075"
"5/20/2025","80.4137"
"5/17/2025","80.7689"
"5/16/2025","80.3134"
"5/15/2025","80.2237"
"5/14/2025","80.5500"
"5/13/2025","80.8883"
"5/8/2025","80.8612"
"5/7/2025","80.9644"
"5/6/2025","81.9137"
"5/1/2025","81.4933"
"4/30/2025","81.5616"
"4/29/2025","82.5467"
"4/26/2025","82.6549"
"4/25/2025","82.8559"
"4/24/2025","82.3637"
"4/23/2025","81.4620"
"4/22/2025","80.7597"
"4/19/2025","81.1371"
"4/18/2025","82.0200"
"4/17/2025","82.5892"
"4/16/2025","82.3003"
"4/15/2025","82.7671"
"4/12/2025","84.0040"
"4/11/2025","85.0159"
"4/10/2025","86.0923"
"4/9/2025","85.4641"
"4/8/2025","86.1891"
"4/5/2025","84.2774"
"4/4/2025","84.3830"
"4/3/2025","84.5522"
"4/2/2025","84.8707"
"4/1/2025","85.4963"
"3/29/2025","83.6813"
"3/28/2025","83.8347"
"3/27/2025","84.2065"
"3/26/2025","84.1930"
"3/25/2025","83.8737"
"3/22/2025","84.6400"
"3/21/2025","84.3955"
"3/20/2025","82.8487"
"3/19/2025","81.5018"
"3/18/2025","84.3059"
"3/15/2025","85.5694"
"3/14/2025","86.6190"
"3/13/2025","86.6204"
"3/12/2025","86.5669"
"3/11/2025","88.3872"
"3/8/2025","89.1362"
"3/7/2025","89.5724"
"3/6/2025","89.7878"
"3/5/2025","89.2448"
"3/4/2025","89.2497"
"3/1/2025","88.2568"
"2/28/2025","87.6967"
"2/27/2025","85.9279"
"2/26/2025","86.6318"
"2/25/2025","88.2065"
"2/22/2025","88.1676"
"2/21/2025","88.5103"
"2/20/2025","90.4268"
"2/19/2025","91.3398"
"2/18/2025","91.4347"
"2/15/2025","90.3099"
"2/14/2025","91.0313"
"2/13/2025","94.0485"
"2/12/2025","95.8024"
"2/11/2025","96.7821"
"2/8/2025","97.2762"
"2/7/2025","96.9104"
"2/6/2025","98.0556"
"2/5/2025","98.5336"
"2/4/2025","99.9433"
"2/1/2025","97.8107"
"1/31/2025","98.0062"
"1/30/2025","98.0126"
"1/29/2025","97.9658"
"1/28/2025","97.1320"
"1/25/2025","98.2636"
"1/24/2025","99.0978"
"1/23/2025","98.2804"
"1/22/2025","99.9282"
"1/21/2025","101.9579"
"1/18/2025","102.4137"
"1/17/2025","102.3762"
"1/16/2025","102.8078"
"1/15/2025","103.4380"
"1/14/2025","102.7081"
"1/11/2025","101.9146"
"1/10/2025","102.2911"
"12/29/2024","101.6797"
"12/28/2024","100.5281"
"12/27/2024","99.2295"
"12/26/2024","99.6125"
"12/25/2024","99.8729"
"12/24/2024","101.6143"
"12/21/2024","102.3438"
"12/20/2024","103.4207"
"12/19/2024","102.7763"
"12/18/2024","102.9979"
"12/17/2024","102.9125"
"12/14/2024","103.4305"
"12/13/2024","103.9500"
"12/12/2024","103.2707"
"12/11/2024","100.0324"
"12/10/2024","99.3759"
"12/7/2024","99.4215"
"12/6/2024","103.3837"
"12/5/2024","104.2361"
"12/4/2024","106.1878"
"12/3/2024","107.1758"
"11/30/2024","107.7409"
"11/29/2024","109.5782"
"11/28/2024","108.0104"
"11/27/2024","105.0604"
"11/26/2024","103.7908"
"11/23/2024","102.5761"
"11/22/2024","100.6798"
"11/21/2024","100.2192"
"11/20/2024","100.0348"
"11/19/2024","99.9430"
"11/16/2024","99.9971"
"11/15/2024","99.0180"
"11/14/2024","98.3657"
"11/13/2024","97.9559"
"11/12/2024","97.9550"
"11/9/2024","97.8335"
"11/8/2024","98.0726"
"11/7/2024","98.2236"
"11/6/2024","98.0562"
"11/3/2024","97.5499"
"11/2/2024","97.4402"
"11/1/2024","97.0226"
"10/31/2024","97.0530"
"10/30/2024","97.3261"
"10/29/2024","97.2300"
"10/26/2024","96.6657"
"10/25/2024","96.7402"
"10/24/2024","96.6379"
"10/23/2024","96.5918"
"10/22/2024","96.0924"
"10/19/2024","96.4172"
"10/18/2024","97.1490"
"10/17/2024","97.2568"
"10/16/2024","97.0121"
"10/15/2024","96.1021"
"10/12/2024","96.0686"
"10/11/2024","97.2394"
"10/10/2024","96.9483"
"10/9/2024","96.1079"
"10/8/2024","96.0649"
"10/5/2024","94.8700"
"10/4/2024","95.0262"
"10/3/2024","94.5054"
"10/2/2024","93.3581"
"10/1/2024","93.2221"
"9/28/2024","92.7126"
"9/27/2024","92.4074"
"9/26/2024","92.3880"
"9/25/2024","92.8622"
"9/24/2024","92.9200"
"9/21/2024","92.5848"
"9/20/2024","92.6962"
"9/19/2024","91.6712"
"9/18/2024","91.4292"
"9/17/2024","91.1423"
"9/14/2024","90.9345"
"9/13/2024","91.1096"
"9/12/2024","91.2653"
"9/11/2024","91.1127"
"9/10/2024","90.3853"
"9/7/2024","89.8225"
"9/6/2024","89.7044"
"9/5/2024","88.9288"
"9/4/2024","88.6118"
"9/3/2024","90.0013"
"8/31/2024","91.1868"
"8/30/2024","91.4548"
"8/29/2024","91.4449"
"8/28/2024","91.4807"
"8/27/2024","91.7745"
"8/24/2024","91.6012"
"8/23/2024","91.2881"
"8/22/2024","91.6862"
"8/21/2024","90.6944"
"8/20/2024","89.5428"
"8/17/2024","88.9062"
"8/16/2024","88.7960"
"8/15/2024","90.0055"
"8/14/2024","92.6592"
"8/13/2024","89.9475"
"8/10/2024","87.9920"
"8/9/2024","86.5621"
"8/8/2024","85.9543"
"8/7/2024","85.1646"
"8/6/2024","84.9471"
"8/3/2024","85.7024"
"8/2/2024","85.7833"
"8/1/2024","86.1091"
"7/31/2024","86.3300"
"7/30/2024","86.5554"
"7/27/2024","85.5650"
"7/26/2024","85.4100"
"7/25/2024","86.5502"
"7/24/2024","87.2990"
"7/23/2024","87.7805"
"7/20/2024","88.0206"
"7/19/2024","87.8754"
"7/18/2024","88.0872"
"7/17/2024","88.2824"
"7/16/2024","87.8077"
"7/13/2024","87.7427"
"7/12/2024","87.9880"
"7/11/2024","87.8551"
"7/10/2024","88.0031"
"7/9/2024","88.1688"
"7/6/2024","88.1348"
"7/5/2024","88.1205"
"7/4/2024","87.9506"
"7/3/2024","87.9921"
"7/2/2024","87.2972"
"6/29/2024","85.7480"
"6/28/2024","84.9640"
"6/27/2024","87.8064"
"6/26/2024","87.2770"
"6/25/2024","87.3730"
"6/22/2024","87.9595"
"6/21/2024","85.4176"
"6/20/2024","82.6282"
"6/19/2024","87.0354"
"6/18/2024","89.0499"
"6/15/2024","89.0658"
"6/14/2024","88.2080"
"6/12/2024","89.0214"
"6/11/2024","88.9944"
"6/8/2024","88.7606"
"6/7/2024","88.7604"
"6/6/2024","88.7436"
"6/5/2024","88.7574"
"6/4/2024","89.3755"
"6/1/2024","90.1915"
"5/31/2024","89.7869"
"5/30/2024","89.2589"
"5/29/2024","88.4375"
"5/28/2024","88.6852"
"5/25/2024","89.7026"
"5/24/2024","90.2486"
"5/23/2024","90.1887"
"5/22/2024","90.4082"
"5/21/2024","90.6537"
"5/18/2024","90.9873"
"5/17/2024","90.9239"
"5/16/2024","91.2573"
"5/15/2024","91.3591"
"5/14/2024","91.6330"
"5/9/2024","91.8239"
"5/8/2024","91.1231"
"5/7/2024","91.3124"
"5/4/2024","91.6918"
"5/3/2024","92.0538"
"4/28/2024","91.7791"
"4/27/2024","92.0134"
"4/26/2024","92.1314"
"4/25/2024","92.5058"
"4/24/2024","93.2918"
"4/23/2024","93.2519"
"4/20/2024","93.4409"
"4/19/2024","94.0922"
"4/18/2024","94.3242"
"4/17/2024","94.0742"
"4/16/2024","93.5891"
"4/13/2024","93.4419"
"4/12/2024","93.7196"
"4/11/2024","93.2198"
"4/10/2024","92.7463"
"4/9/2024","92.5810"
"4/6/2024","92.4155"
"4/5/2024","92.3058"
"4/4/2024","92.3892"
"4/3/2024","92.5254"
"4/2/2024","92.2914"
"3/30/2024","92.3660"
"3/29/2024","92.2628"
"3/28/2024","92.5919"
"3/27/2024","92.5745"
"3/26/2024","92.7761"
"3/23/2024","92.6118"
"3/22/2024","91.9499"
"3/21/2024","92.6861"
"3/20/2024","92.2243"
"3/19/2024","91.9829"
"3/16/2024","91.8700"
"3/15/2024","91.6359"
"3/14/2024","91.5449"
"3/13/2024","90.8818"
"3/12/2024","90.6252"
"3/8/2024","90.7493"
"3/7/2024","90.3412"
"3/6/2024","91.1604"
"3/5/2024","91.3534"
"3/2/2024","91.3336"
"3/1/2024","90.8423"
"2/29/2024","91.8692"
"2/28/2024","92.0425"
"2/27/2024","92.6321"
"2/23/2024","92.7519"
"2/22/2024","92.4387"
"2/21/2024","92.3490"
"2/20/2024","92.4102"
"2/17/2024","92.5492"
"2/16/2024","91.8237"
"2/15/2024","91.4316"
"2/14/2024","91.2057"
"2/13/2024","91.0758"
"2/10/2024","90.8901"
"2/9/2024","91.2561"
"2/8/2024","91.1514"
"2/7/2024","90.6842"
"2/6/2024","91.2434"
"2/3/2024","90.6626"
"2/2/2024","90.2299"
"2/1/2024","89.6678"
"1/31/2024","89.2887"
"1/30/2024","89.6090"
"1/27/2024","89.5159"
"1/26/2024","88.6562"
"1/25/2024","88.2829"
"1/24/2024","87.9199"
"1/23/2024","87.9724"
"1/20/2024","88.5896"
"1/19/2024","88.6610"
"1/18/2024","88.3540"
"1/17/2024","87.6457"
"1/16/2024","87.6772"
"1/13/2024","88.1324"
"1/12/2024","88.7818"
"1/11/2024","89.3939"
"1/10/2024","90.4040"
"12/30/2023","89.6883"
"12/29/2023","90.3041"
"12/28/2023","91.7051"
"12/27/2023","91.7069"
"12/26/2023","91.9690"
"12/23/2023","91.9389"
"12/22/2023","91.7062"
"12/21/2023","90.4056"
"12/20/2023","90.0870"
"12/19/2023","90.4162"
"12/16/2023","89.6966"
"12/15/2023","89.6741"
"12/14/2023","89.8926"
"12/13/2023","90.2158"
"12/12/2023","90.9846"
"12/9/2023","91.6402"
"12/8/2023","92.5654"
"12/7/2023","92.7826"
"12/6/2023","91.5823"
"12/5/2023","90.6728"
"12/2/2023","89.7619"
"12/1/2023","88.5819"
"11/30/2023","88.8841"
"11/29/2023","88.6102"
"11/28/2023","88.7045"
"11/25/2023","88.8133"
"11/24/2023","88.1206"
"11/23/2023","88.1648"
"11/22/2023","87.8701"
"11/21/2023","88.4954"
"11/18/2023","89.1237"
"11/17/2023","88.9466"
"11/16/2023","89.4565"
"11/15/2023","91.2570"
"11/14/2023","92.1185"
"11/11/2023","92.0535"
"11/10/2023","91.9266"
"11/9/2023","92.1973"
"11/8/2023","92.4151"
"11/4/2023","93.0351"
"11/3/2023","93.1730"
"11/2/2023","93.2801"
"11/1/2023","92.0226"
"10/31/2023","93.2435"
"10/28/2023","93.2174"
"10/27/2023","93.5616"
"10/26/2023","93.1507"
"10/25/2023","93.5224"
"10/24/2023","94.7081"
"10/21/2023","95.9053"
"10/20/2023","97.3074"
"10/19/2023","97.3724"
"10/18/2023","97.3458"
"10/17/2023","97.2865"
"10/14/2023","97.3075"
"10/13/2023","96.9948"
"10/12/2023","99.9808"
"10/11/2023","99.9349"
"10/10/2023","101.3598"
"10/7/2023","100.4911"
"10/6/2023","99.6762"
"10/5/2023","99.4555"
"10/4/2023","99.2677"
"10/3/2023","98.4785"
"9/30/2023","97.4147"
"9/29/2023","97.0018"
"9/28/2023","96.5000"
"9/27/2023","96.2378"
"9/26/2023","96.1456"
"9/23/2023","96.0419"
"9/22/2023","96.0762"
"9/21/2023","96.6172"
"9/20/2023","96.2236"
"9/19/2023","96.6472"
"9/16/2023","96.6338"
"9/15/2023","96.1609"
"9/14/2023","95.9794"
"9/13/2023","94.7035"
"9/12/2023","96.5083"
"9/9/2023","97.9241"
"9/8/2023","98.1961"
"9/7/2023","97.8439"
"9/6/2023","97.5383"
"9/5/2023","96.6199"
"9/2/2023","96.3411"
"9/1/2023","96.3344"
"8/31/2023","95.9283"
"8/30/2023","95.7070"
"8/29/2023","95.4717"
"8/26/2023","94.7117"
"8/25/2023","94.4007"
"8/24/2023","94.4421"
"8/23/2023","94.1185"
"8/22/2023","94.1424"
"8/19/2023","93.4047"
"8/18/2023","93.7460"
"8/17/2023","96.7045"
"8/16/2023","97.4217"
"8/15/2023","101.0399"
"8/12/2023","98.2066"
"8/11/2023","97.2794"
"8/10/2023","97.3999"
"8/9/2023","96.0755"
"8/8/2023","96.5668"
"8/5/2023","94.8076"
"8/4/2023","93.7792"
"8/3/2023","92.8410"
"8/2/2023","91.7755"
"8/1/2023","91.5923"
"7/29/2023","90.9783"
"7/28/2023","90.0225"
"7/27/2023","90.0468"
"7/26/2023","90.0945"
"7/25/2023","90.4890"
"7/22/2023","90.3846"
"7/21/2023","90.8545"
"7/20/2023","91.2046"
"7/19/2023","90.6906"
"7/18/2023","90.4217"
"7/15/2023","90.1190"
"7/14/2023","90.1757"
"7/13/2023","90.6253"
"7/12/2023","90.5045"
"7/11/2023","91.4931"
"7/8/2023","91.6879"
"7/7/2023","92.5695"
"7/6/2023","90.3380"
"7/5/2023","89.5450"
"7/4/2023","89.3255"
"7/1/2023","88.3844"
"6/30/2023","87.0341"
"6/29/2023","85.6192"
"6/28/2023","85.0504"
"6/27/2023","84.6642"
"6/24/2023","84.0793"
"6/23/2023","83.6077"
"6/22/2023","84.2467"
"6/21/2023","84.2336"
"6/20/2023","83.9866"
"6/17/2023","83.6498"
"6/16/2023","83.9611"
"6/15/2023","84.3249"
"6/14/2023","83.6405"
"6/10/2023","82.6417"
"6/9/2023","82.0930"
"6/8/2023","81.4581"
"6/7/2023","81.2502"
"6/6/2023","81.3294"
"6/3/2023","80.8756"
"6/2/2023","80.9657"
"6/1/2023","80.9942"
"5/31/2023","80.6872"
"5/30/2023","80.0555"
"5/27/2023","79.9667"
"5/26/2023","79.9841"
"5/25/2023","79.9669"
"5/24/2023","80.1665"
"5/23/2023","79.9379"
"5/20/2023","79.9093"
"5/19/2023","80.0366"
"5/18/2023","80.7642"
"5/17/2023","79.9798"
"5/16/2023","79.1004"
"5/13/2023","77.2041"
"5/12/2023","75.8846"
"5/11/2023","76.6929"
"5/6/2023","76.8207"
"5/5/2023","78.6139"
"5/4/2023","79.3071"
"5/3/2023","79.9609"
"4/29/2023","80.5093"
"4/28/2023","81.5601"
"4/27/2023","81.6274"
"4/26/2023","81.5499"
"4/25/2023","81.2745"
"4/22/2023","81.4863"
"4/21/2023","81.6188"
"4/20/2023","81.6549"
"4/19/2023","81.6028"
"4/18/2023","81.6279"
"4/15/2023","81.5045"
"4/14/2023","81.6758"
"4/13/2023","82.0934"
"4/12/2023","82.1799"
"4/11/2023","81.7441"
"4/8/2023","82.3988"
"4/7/2023","80.6713"
"4/6/2023","79.4961"
"4/5/2023","79.3563"
"4/4/2023","77.9510"
"4/1/2023","77.3233"
"3/31/2023","77.0863"
"3/30/2023","76.9781"
"3/29/2023","76.5939"
"3/28/2023","76.5662"
"3/25/2023","76.4479"
"3/24/2023","76.3072"
"3/23/2023","76.9561"
"3/22/2023","76.8373"
"3/21/2023","77.2422"
"3/18/2023","76.6044"
"3/17/2023","76.4095"
"3/16/2023","75.7457"
"3/15/2023","75.1927"
"3/14/2023","75.4609"
"3/11/2023","75.9406"
"3/10/2023","75.9028"
"3/8/2023","75.4577"
"3/7/2023","75.4728"
"3/4/2023","75.4592"
"3/3/2023","75.4729"
"3/2/2023","75.2513"
"3/1/2023","74.8932"
"2/28/2023","75.4323"
"2/23/2023","74.7087"
"2/22/2023","74.8596"
"2/21/2023","74.0432"
"2/18/2023","74.7588"
"2/17/2023","74.7638"
"2/16/2023","74.2077"
"2/15/2023","73.8645"
"2/14/2023","73.6307"
"2/11/2023","72.7923"
"2/10/2023","72.8949"
"2/9/2023","71.5763"
"2/8/2023","70.8924"
"2/7/2023","70.5991"
"2/4/2023","70.3847"
"2/3/2023","70.0414"
"2/2/2023","70.1217"
"2/1/2023","70.5174"
"1/31/2023","69.5927"
"1/28/2023","69.3372"
"1/27/2023","69.1263"
"1/26/2023","68.9573"
"1/25/2023","68.7529"
"1/24/2023","68.6288"
"1/21/2023","68.6656"
"1/20/2023","68.8467"
"1/19/2023","68.8728"
"1/18/2023","68.6644"
"1/17/2023","68.2892"
"1/14/2023","67.5744"
"1/13/2023","67.7775"
"1/12/2023","69.0202"
"1/11/2023","69.6094"
"1/10/2023","70.3002"
"12/31/2022","70.3375"
"12/30/2022","71.9778"
"12/29/2022","71.3261"
"12/28/2022","69.9346"
"12/27/2022","68.4487"
"12/24/2022","68.6760"
"12/23/2022","72.1306"
"12/22/2022","70.5256"
"12/21/2022","69.0037"
"12/20/2022","66.3474"
"12/17/2022","64.6078"
"12/16/2022","64.3015"
"12/15/2022","63.3590"
"12/14/2022","63.2120"
"12/13/2022","62.7674"
"12/10/2022","62.3813"
"12/9/2022","62.5722"
"12/8/2022","62.9372"
"12/7/2022","62.9103"
"12/6/2022","62.1849"
"12/3/2022","61.7749"
"12/2/2022","61.1479"
"12/1/2022","60.8803"
"11/30/2022","61.0742"
"11/29/2022","60.7520"
"11/26/2022","60.4797"
"11/25/2022","60.3866"
"11/24/2022","60.5043"
"11/23/2022","60.6566"
"11/22/2022","60.7379"
"11/19/2022","60.3741"
"11/18/2022","60.3894"
"11/17/2022","60.3484"
"11/16/2022","60.3116"
"11/15/2022","60.3982"
"11/12/2022","60.2179"
"11/11/2022","61.2434"
"11/10/2022","61.0611"
"11/9/2022","60.9774"
"11/8/2022","61.2367"
"11/4/2022","62.0955"
"11/3/2022","61.6175"
"11/2/2022","61.4275"
"11/1/2022","61.6229"
"10/29/2022","61.5343"
"10/28/2022","61.3589"
"10/27/2022","61.4277"
"10/26/2022","61.3326"
"10/25/2022","61.1629"
"10/22/2022","61.1958"
"10/21/2022","61.5018"
"10/20/2022","61.5905"
"10/19/2022","61.7032"
"10/18/2022","61.7634"
"10/15/2022","63.0558"
"10/14/2022","63.4917"
"10/13/2022","63.7559"
"10/12/2022","63.6840"
"10/11/2022","62.3126"
"10/8/2022","61.2475"
"10/7/2022","60.2534"
"10/6/2022","59.4043"
"10/5/2022","58.7913"
"10/4/2022","57.5664"
"10/1/2022","55.2987"
"9/30/2022","57.4130"
"9/29/2022","58.4485"
"9/28/2022","58.1756"
"9/27/2022","57.9990"
"9/24/2022","58.1006"
"9/23/2022","59.8318"
"9/22/2022","60.8685"
"9/21/2022","60.0158"
"9/20/2022","60.1662"
"9/17/2022","60.0316"
"9/16/2022","59.6663"
"9/15/2022","59.7751"
"9/14/2022","60.0676"
"9/13/2022","60.4568"
"9/10/2022","60.4696"
"9/9/2022","60.8010"
"9/8/2022","61.1814"
"9/7/2022","60.8544"
"9/6/2022","60.9033"
"9/3/2022","60.3713"
"9/2/2022","60.2370"
"9/1/2022","60.2386"
"8/31/2022","60.3677"
"8/30/2022","60.3636"
"8/27/2022","60.0924"
"8/26/2022","59.7699"
"8/25/2022","59.9974"
"8/24/2022","59.8963"
"8/23/2022","59.7419"
"8/20/2022","59.1321"
"8/19/2022","59.9570"
"8/18/2022","60.7552"
"8/17/2022","61.4247"
"8/16/2022","61.3747"
"8/13/2022","60.8993"
"8/12/2022","60.6229"
"8/11/2022","60.4542"
"8/10/2022","60.3814"
"8/9/2022","60.3164"
"8/6/2022","60.3696"
"8/5/2022","60.2580"
"8/4/2022","60.2374"
"8/3/2022","60.1595"
"8/2/2022","62.0506"
"7/30/2022","61.3101"
"7/29/2022","60.2031"
"7/28/2022","60.2198"
"7/27/2022","58.6605"
"7/26/2022","57.7821"
"7/23/2022","57.3917"
"7/22/2022","56.4783"
"7/21/2022","54.8491"
"7/20/2022","55.4370"
"7/19/2022","56.5616"
"7/16/2022","57.8323"
"7/15/2022","58.2568"
"7/14/2022","58.5322"
"7/13/2022","58.8541"
"7/12/2022","61.3045"
"7/9/2022","61.2664"
"7/8/2022","63.1427"
"7/7/2022","62.9110"
"7/6/2022","58.5118"
"7/5/2022","55.0858"
"7/2/2022","53.7676"
"7/1/2022","52.5123"
"6/30/2022","51.1580"
"6/29/2022","52.9699"
"6/28/2022","53.3641"
"6/25/2022","53.3234"
"6/24/2022","53.3578"
"6/23/2022","53.2788"
"6/22/2022","54.7081"
"6/21/2022","56.1727"
"6/18/2022","56.7101"
"6/17/2022","56.8691"
"6/16/2022","56.6624"
"6/15/2022","57.0926"
"6/11/2022","57.7780"
"6/10/2022","58.3895"
"6/9/2022","60.2282"
"6/8/2022","60.9565"
"6/7/2022","61.1094"
"6/4/2022","61.9659"
"6/3/2022","61.5750"
"6/2/2022","61.4733"
"6/1/2022","61.6069"
"5/31/2022","63.0975"
"5/28/2022","66.4029"
"5/27/2022","62.0495"
"5/26/2022","56.2996"
"5/25/2022","56.9690"
"5/24/2022","58.2087"
"5/21/2022","58.8862"
"5/20/2022","62.4031"
"5/19/2022","63.5643"
"5/18/2022","63.5428"
"5/17/2022","63.4445"
"5/14/2022","63.7799"
"5/13/2022","65.7916"
"5/12/2022","68.8389"
"5/7/2022","67.3843"
"5/6/2022","66.2378"
"5/5/2022","69.4160"
"4/30/2022","71.0237"
"4/29/2022","72.2953"
"4/28/2022","72.8764"
"4/27/2022","72.7089"
"4/26/2022","73.3611"
"4/23/2022","73.5050"
"4/22/2022","74.9990"
"4/21/2022","77.0809"
"4/20/2022","79.0287"
"4/19/2022","79.4529"
"4/16/2022","80.0437"
"4/15/2022","81.2880"
"4/14/2022","79.8471"
"4/13/2022","79.6274"
"4/12/2022","79.1596"
"4/9/2022","74.8501"
"4/8/2022","76.2547"
"4/7/2022","82.5962"
"4/6/2022","83.3520"
"4/5/2022","83.5932"
"4/2/2022","83.4285"
"4/1/2022","83.4097"
"3/31/2022","84.0851"
"3/30/2022","86.2843"
"3/29/2022","93.7125"
"3/26/2022","95.6618"
"3/25/2022","96.0458"
"3/24/2022","103.1618"
"3/23/2022","104.0741"
"3/22/2022","104.6819"
"3/19/2022","103.9524"
"3/18/2022","104.8012"
"3/17/2022","108.0521"
"3/16/2022","111.4823"
"3/15/2022","115.1963"
"3/12/2022","116.7517"
"3/11/2022","120.3785"
"3/10/2022","116.0847"
"3/6/2022","105.8124"
"3/5/2022","105.8124"
"3/4/2022","111.7564"
"3/3/2022","103.2487"
"3/2/2022","91.7457"
"3/1/2022","93.5589"
"2/26/2022","83.5485"
"2/25/2022","86.9288"
"2/23/2022","80.4194"
"2/22/2022","76.7671"
"2/19/2022","75.7619"
"2/18/2022","75.7527"
"2/17/2022","75.0141"
"2/16/2022","76.1660"
"2/15/2022","76.5762"
"2/12/2022","74.9867"
"2/11/2022","74.7241"
"2/10/2022","74.8015"
"2/9/2022","75.3042"
"2/8/2022","75.6806"
"2/5/2022","76.0509"
"2/4/2022","76.6501"
"2/3/2022","76.4849"
"2/2/2022","77.1302"
"2/1/2022","77.4702"
"1/29/2022","77.8174"
"1/28/2022","78.9470"
"1/27/2022","78.9437"
"1/26/2022","78.6422"
"1/25/2022","77.3649"
"1/22/2022","76.6903"
"1/21/2022","76.4408"
"1/20/2022","76.8697"
"1/19/2022","76.3347"
"1/18/2022","76.0404"
"1/15/2022","75.7668"
"1/14/2022","74.5686"
"1/13/2022","74.5277"
"1/12/2022","74.8355"
"1/11/2022","75.1315"
"12/31/2021","74.2926"
"12/30/2021","73.6514"
"12/29/2021","73.4959"
"12/28/2021","73.2329"
"12/25/2021","73.1886"
"12/24/2021","73.3583"
"12/23/2021","73.7901"
"12/22/2021","73.8206"
"12/21/2021","74.2947"
"12/18/2021","73.7330"
"12/17/2021","73.5708"
"12/16/2021","73.8510"
"12/15/2021","73.4698"
"12/14/2021","73.4107"
"12/11/2021","73.6059"
"12/10/2021","73.5998"
"12/9/2021","73.8453"
"12/8/2021","74.1399"
"12/7/2021","73.6694"
"12/4/2021","73.7426"
"12/3/2021","74.0637"
"12/2/2021","73.9746"
"12/1/2021","74.8926"
"11/30/2021","74.9818"
"11/27/2021","75.5873"
"11/26/2021","74.6004"
"11/25/2021","74.3726"
"11/24/2021","74.8327"
"11/23/2021","73.4506"
"11/20/2021","72.7617"
"11/19/2021","72.6022"
"11/18/2021","72.8228"
"11/17/2021","72.5553"
"11/16/2021","72.2724"
"11/13/2021","71.8118"
"11/12/2021","71.1964"
"11/11/2021","70.6950"
"11/10/2021","71.2866"
"11/9/2021","71.3975"
"11/4/2021","71.4876"
"11/3/2021","71.4783"
"11/2/2021","71.0863"
"10/30/2021","70.5200"
"10/29/2021","70.5207"
"10/28/2021","69.8104"
"10/27/2021","69.5526"
"10/26/2021","70.1345"
"10/23/2021","70.8623"
"10/22/2021","70.9904"
"10/21/2021","71.0555"
"10/20/2021","70.9674"
"10/19/2021","71.1714"
"10/16/2021","71.2371"
"10/15/2021","71.7846"
"10/14/2021","71.8577"
"10/13/2021","71.8801"
"10/12/2021","71.6373"
"10/9/2021","71.9882"
"10/8/2021","72.2854"
"10/7/2021","72.5682"
"10/6/2021","72.5686"
"10/5/2021","72.9239"
"10/2/2021","72.9215"
"10/1/2021","72.6642"
"9/30/2021","72.7608"
"9/29/2021","72.5083"
"9/28/2021","72.6613"
"9/25/2021","73.0081"
"9/24/2021","72.7245"
"9/23/2021","72.8806"
"9/22/2021","73.2067"
"9/21/2021","73.3315"
"9/18/2021","72.5602"
"9/17/2021","72.4329"
"9/16/2021","72.8520"
"9/15/2021","72.7171"
"9/14/2021","73.0841"
"9/11/2021","72.7600"
"9/10/2021","73.1290"
"9/9/2021","73.4421"
"9/8/2021","73.1909"
"9/7/2021","72.9538"
"9/4/2021","72.8545"
"9/3/2021","72.8491"
"9/2/2021","73.1912"
"9/1/2021","73.2781"
"8/31/2021","73.5744"
"8/28/2021","73.9866"
"8/27/2021","73.9908"
"8/26/2021","73.7428"
"8/25/2021","73.9465"
"8/24/2021","74.0666"
"8/21/2021","74.3640"
"8/20/2021","74.1503"
"8/19/2021","73.4633"
"8/18/2021","73.4753"
"8/17/2021","73.3920"
"8/14/2021","73.4721"
"8/13/2021","73.5671"
"8/12/2021","73.9695"
"8/11/2021","73.5962"
"8/10/2021","73.5078"
"8/7/2021","73.1304"
"8/6/2021","73.1680"
"8/5/2021","72.7857"
"8/4/2021","72.8724"
"8/3/2021","73.0156"
"7/31/2021","73.1388"
"7/30/2021","73.1904"
"7/29/2021","73.6088"
"7/28/2021","73.8471"
"7/27/2021","74.0980"
"7/24/2021","73.7663"
"7/23/2021","73.6945"
"7/22/2021","74.4947"
"7/21/2021","74.4910"
"7/20/2021","74.3463"
"7/17/2021","74.1656"
"7/16/2021","74.2197"
"7/15/2021","74.1236"
"7/14/2021","74.0589"
"7/13/2021","74.6336"
"7/10/2021","74.4675"
"7/9/2021","75.1952"
"7/8/2021","74.0580"
"7/7/2021","73.2660"
"7/6/2021","73.3540"
"7/3/2021","73.6175"
"7/2/2021","72.9086"
"7/1/2021","72.7234"
"6/30/2021","72.3723"
"6/29/2021","72.1777"
"6/26/2021","72.1694"
"6/25/2021","72.3260"
"6/24/2021","72.6671"
"6/23/2021","73.1661"
"6/22/2021","73.1987"
"6/19/2021","72.2216"
"6/18/2021","72.5048"
"6/17/2021","72.0323"
"6/16/2021","71.8318"
"6/12/2021","71.6797"
"6/11/2021","72.1974"
"6/10/2021","72.0829"
"6/9/2021","72.8256"
"6/8/2021","72.9294"
"6/5/2021","73.2721"
"6/4/2021","73.2636"
"6/3/2021","73.4979"
"6/2/2021","73.2411"
"6/1/2021","73.2965"
"5/29/2021","73.5870"
"5/28/2021","73.4580"
"5/27/2021","73.4737"
"5/26/2021","73.3963"
"5/25/2021","73.5266"
"5/22/2021","73.5803"
"5/21/2021","73.6007"
"5/20/2021","73.6778"
"5/19/2021","73.6992"
"5/18/2021","73.8537"
"5/15/2021","73.9968"
"5/14/2021","74.3566"
"5/13/2021","74.0400"
"5/12/2021","74.1567"
"5/8/2021","74.1373"
"5/7/2021","74.5770"
"5/6/2021","74.8617"
"5/5/2021","75.2567"
"5/1/2021","74.8451"
"4/30/2021","74.3823"
"4/29/2021","74.9390"
"4/28/2021","74.9578"
"4/27/2021","74.7680"
"4/24/2021","75.0893"
"4/23/2021","76.4217"
"4/22/2021","76.8198"
"4/21/2021","76.0155"
"4/20/2021","76.2491"
"4/17/2021","75.5535"
"4/16/2021","76.9808"
"4/15/2021","75.6826"
"4/14/2021","77.2535"
"4/13/2021","77.5104"
"4/10/2021","77.1657"
"4/9/2021","77.1011"
"4/8/2021","77.7730"
"4/7/2021","76.3802"
"4/6/2021","76.6052"
"4/3/2021","76.0734"
"4/2/2021","75.8073"
"4/1/2021","75.6373"
"3/31/2021","75.7023"
"3/30/2021","75.8287"
"3/27/2021","75.7576"
"3/26/2021","76.1741"
"3/25/2021","76.1535"
"3/24/2021","75.3585"
"3/23/2021","74.6085"
"3/20/2021","74.1390"
"3/19/2021","73.6582"
"3/18/2021","73.1019"
"3/17/2021","72.9619"
"3/16/2021","73.2317"
"3/13/2021","73.5081"
"3/12/2021","73.4996"
"3/11/2021","74.0393"
"3/10/2021","74.2640"
"3/6/2021","74.4275"
"3/5/2021","73.7864"
"3/4/2021","73.5187"
"3/3/2021","74.5755"
"3/2/2021","74.0448"
"2/27/2021","74.4373"
"2/26/2021","73.4747"
"2/25/2021","73.7532"
"2/21/2021","73.9833"
"2/20/2021","73.9717"
"2/19/2021","73.7755"
"2/18/2021","73.7669"
"2/17/2021","73.2895"
"2/16/2021","73.3092"
"2/13/2021","73.9378"
"2/12/2021","73.7579"
"2/11/2021","73.8526"
"2/10/2021","74.1192"
"2/9/2021","74.2602"
"2/6/2021","75.1107"
"2/5/2021","75.7293"
"2/4/2021","76.0801"
"2/3/2021","75.9051"
"2/2/2021","75.5053"
"1/30/2021","76.2527"
"1/29/2021","76.1854"
"1/28/2021","75.0400"
"1/27/2021","75.6354"
"1/26/2021","74.8569"
"1/23/2021","74.3615"
"1/22/2021","73.3694"
"1/21/2021","73.3550"
"1/20/2021","73.7243"
"1/19/2021","73.9735"
"1/16/2021","73.5453"
"1/15/2021","73.7961"
"1/14/2021","73.5264"
"1/13/2021","74.2663"
"1/12/2021","74.5157"
"1/1/2021","73.8757"
"12/31/2020","73.8757"
"12/30/2020","73.6567"
"12/29/2020","73.7175"
"12/26/2020","73.6921"
"12/25/2020","74.8392"
"12/24/2020","75.4571"
"12/23/2020","75.3498"
"12/22/2020","74.6721"
"12/19/2020","73.3155"
"12/18/2020","72.9781"
"12/17/2020","73.4201"
"12/16/2020","73.4453"
"12/15/2020","72.9272"
"12/12/2020","73.1195"
"12/11/2020","73.7124"
"12/10/2020","73.3057"
"12/9/2020","73.6618"
"12/8/2020","74.2506"
"12/5/2020","74.2529"
"12/4/2020","75.1996"
"12/3/2020","75.6151"
"12/2/2020","76.3203"
"12/1/2020","76.1999"
"11/28/2020","75.8599"
"11/27/2020","75.4518"
"11/26/2020","75.4727"
"11/25/2020","75.8146"
"11/24/2020","75.7600"
"11/21/2020","76.0120"
"11/20/2020","76.2627"
"11/19/2020","75.9268"
"11/18/2020","76.2530"
"11/17/2020","76.9197"
"11/14/2020","77.3262"
"11/13/2020","77.1148"
"11/12/2020","76.2075"
"11/11/2020","76.3978"
"11/10/2020","76.9515"
"11/7/2020","77.1875"
"11/6/2020","78.4559"
"11/4/2020","80.0006"
"11/3/2020","80.5749"
"10/31/2020","79.3323"
"10/30/2020","78.8699"
"10/29/2020","77.5520"
"10/28/2020","76.4556"
"10/27/2020","76.4443"
"10/24/2020","76.4667"
"10/23/2020","77.0809"
"10/22/2020","77.0322"
"10/21/2020","77.7780"
"10/20/2020","77.9241"
"10/17/2020","77.9644"
"10/16/2020","77.9461"
"10/15/2020","77.2759"
"10/14/2020","77.2855"
"10/13/2020","77.0239"
"10/10/2020","77.0284"
"10/9/2020","77.9157"
"10/8/2020","78.0921"
"10/7/2020","78.5119"
"10/6/2020","78.1281"
"10/3/2020","78.0915"
"10/2/2020","77.2774"
"10/1/2020","78.7847"
"9/30/2020","79.6845"
"9/29/2020","78.6713"
"9/26/2020","76.8195"
"9/25/2020","77.1780"
"9/24/2020","76.3545"
"9/23/2020","76.2711"
"9/22/2020","76.0381"
"9/19/2020","75.0319"
"9/18/2020","75.1941"
"9/17/2020","74.9278"
"9/16/2020","75.1884"
"9/15/2020","74.7148"
"9/12/2020","74.8896"
"9/11/2020","75.5274"
"9/10/2020","76.0713"
"9/9/2020","75.9645"
"9/8/2020","75.5910"
"9/5/2020","75.1823"
"9/4/2020","75.4680"
"9/3/2020","73.8588"
"9/2/2020","73.5849"
"9/1/2020","73.8039"
"8/29/2020","74.6382"
"8/28/2020","75.2354"
"8/27/2020","75.5379"
"8/26/2020","74.5126"
"8/25/2020","74.4184"
"8/22/2020","74.0999"
"8/21/2020","73.7711"
"8/20/2020","73.2392"
"8/19/2020","73.4321"
"8/18/2020","72.9676"
"8/15/2020","73.2157"
"8/14/2020","73.6067"
"8/13/2020","73.2351"
"8/12/2020","73.1522"
"8/11/2020","73.7750"
"8/8/2020","73.6376"
"8/7/2020","73.0397"
"8/6/2020","73.2806"
"8/5/2020","73.3806"
"8/4/2020","74.1586"
"8/1/2020","73.4261"
"7/31/2020","73.3633"
"7/30/2020","72.2348"
"7/29/2020","71.9196"
"7/28/2020","71.5850"
"7/25/2020","71.5974"
"7/24/2020","70.9630"
"7/23/2020","70.7881"
"7/22/2020","70.9668"
"7/21/2020","71.9628"
"7/18/2020","71.7139"
"7/17/2020","71.2310"
"7/16/2020","70.7998"
"7/15/2020","71.1275"
"7/14/2020","70.7479"
"7/11/2020","71.2298"
"7/10/2020","70.8800"
"7/9/2020","71.2379"
"7/8/2020","72.1719"
"7/7/2020","71.3409"
"7/4/2020","70.4999"
"7/3/2020","70.5198"
"7/2/2020","70.4413"
"7/1/2020","70.4413"
"6/30/2020","69.9513"
"6/27/2020","69.1284"
"6/26/2020","69.4660"
"6/25/2020","68.8376"
"6/24/2020","68.8376"
"6/23/2020","69.4835"
"6/20/2020","69.5725"
"6/19/2020","69.6180"
"6/18/2020","69.4822"
"6/17/2020","69.7524"
"6/16/2020","70.3950"
"6/12/2020","69.1219"
"6/11/2020","68.6183"
"6/10/2020","68.6745"
"6/9/2020","68.3123"
"6/6/2020","68.6319"
"6/5/2020","69.0151"
"6/4/2020","68.3413"
"6/3/2020","68.9831"
"6/2/2020","69.7114"
"5/30/2020","70.7520"
"5/29/2020","71.1012"
"5/28/2020","71.0635"
"5/27/2020","71.1408"
"5/26/2020","71.5962"
"5/23/2020","71.8804"
"5/22/2020","70.9240"
"5/21/2020","72.3381"
"5/20/2020","72.3918"
"5/19/2020","72.9798"
"5/16/2020","73.2056"
"5/15/2020","73.9298"
"5/14/2020","73.5819"
"5/13/2020","73.4326"
"5/9/2020","73.8725"
"5/8/2020","74.1169"
"5/7/2020","73.9719"
"5/1/2020","72.7263"
"4/30/2020","73.6894"
"4/29/2020","74.5706"
"4/28/2020","74.4960"
"4/25/2020","74.7163"
"4/24/2020","75.1290"
"4/23/2020","77.0416"
"4/22/2020","76.2562"
"4/21/2020","74.6657"
"4/18/2020","73.9441"
"4/17/2020","74.7119"
"4/16/2020","73.7145"
"4/15/2020","73.3150"
"4/14/2020","73.5245"
"4/11/2020","73.7515"
"4/10/2020","74.6050"
"4/9/2020","75.7499"
"4/8/2020","75.4550"
"4/7/2020","76.4074"
"3/28/2020","77.7325"
"3/27/2020","78.7223"
"3/26/2020","77.7928"
"3/25/2020","78.8493"
"3/24/2020","80.8815"
"3/21/2020","78.0443"
"3/20/2020","80.1570"
"3/19/2020","77.2131"
"3/18/2020","73.8896"
"3/17/2020","74.1262"
"3/14/2020","73.1882"
"3/13/2020","74.0274"
"3/12/2020","71.4720"
"3/11/2020","72.0208"
"3/7/2020","67.5175"
"3/6/2020","66.1854"
"3/5/2020","66.0784"
"3/4/2020","66.4437"
"3/3/2020","66.3274"
"2/29/2020","66.9909"
"2/28/2020","65.6097"
"2/27/2020","65.5177"
"2/26/2020","64.9213"
"2/22/2020","64.3008"
"2/21/2020","63.7413"
"2/20/2020","63.6873"
"2/19/2020","63.7698"
"2/18/2020","63.3085"
"2/15/2020","63.4536"
"2/14/2020","63.6016"
"2/13/2020","63.0470"
"2/12/2020","63.9490"
"2/11/2020","63.7708"
"2/8/2020","63.4720"
"2/7/2020","62.7977"
"2/6/2020","63.1742"
"2/5/2020","63.4342"
"2/4/2020","63.9091"
"2/1/2020","63.1385"
"1/31/2020","63.0359"
"1/30/2020","62.3934"
"1/29/2020","62.8299"
"1/28/2020","62.3380"
"1/25/2020","61.8031"
"1/24/2020","61.9515"
"1/23/2020","61.8343"
"1/22/2020","61.8552"
"1/21/2020","61.4654"
"1/18/2020","61.5333"
"1/17/2020","61.5694"
"1/16/2020","61.4328"
"1/15/2020","61.4140"
"1/14/2020","60.9474"
"1/11/2020","61.2632"
"1/10/2020","61.2340"
"1/1/2020","61.9057"
"12/31/2019","61.9057"
"12/28/2019","62.0315"
"12/27/2019","61.7676"
"12/26/2019","61.7164"
"12/25/2019","62.1673"
"12/24/2019","62.2499"
"12/21/2019","62.4071"
"12/20/2019","62.5283"
"12/19/2019","62.5831"
"12/18/2019","62.5326"
"12/17/2019","62.7686"
"12/14/2019","62.5544"
"12/13/2019","63.2257"
"12/12/2019","63.5653"
"12/11/2019","63.5788"
"12/10/2019","63.7244"
"12/7/2019","63.7185"
"12/6/2019","63.8135"
"12/5/2019","64.1948"
"12/4/2019","64.1401"
"12/3/2019","64.4097"
"11/30/2019","64.0817"
"11/29/2019","64.1005"
"11/28/2019","63.9722"
"11/27/2019","64.0239"
"11/26/2019","63.7637"
"11/23/2019","63.7101"
"11/22/2019","63.8430"
"11/21/2019","64.0213"
"11/20/2019","63.7730"
"11/19/2019","63.7542"
"11/16/2019","63.8881"
"11/15/2019","64.2101"
"11/14/2019","64.2009"
"11/13/2019","63.8530"
"11/12/2019","63.9121"
"11/9/2019","63.7295"
"11/8/2019","63.7298"
"11/7/2019","63.5880"
"11/6/2019","63.2480"
"11/2/2019","64.0316"
"11/1/2019","63.7748"
"10/31/2019","63.8734"
"10/30/2019","63.8320"
"10/29/2019","63.8700"
"10/26/2019","63.9966"
"10/25/2019","63.8600"
"10/24/2019","63.7997"
"10/23/2019","63.6336"
"10/22/2019","63.7606"
"10/19/2019","63.9542"
"10/18/2019","64.0144"
"10/17/2019","64.3455"
"10/16/2019","64.2548"
"10/15/2019","64.3652"
"10/12/2019","64.2237"
"10/11/2019","64.7416"
"10/10/2019","65.0976"
"10/9/2019","64.8672"
"10/8/2019","64.8259"
"10/5/2019","65.0300"
"10/4/2019","65.1312"
"10/3/2019","65.4399"
"10/2/2019","65.0670"
"10/1/2019","64.6407"
"9/28/2019","64.4156"
"9/27/2019","64.2888"
"9/26/2019","64.1873"
"9/25/2019","63.7060"
"9/24/2019","63.9453"
"9/21/2019","63.8487"
"9/20/2019","64.2199"
"9/19/2019","64.4290"
"9/18/2019","64.1213"
"9/17/2019","63.8272"
"9/14/2019","64.4711"
"9/13/2019","65.1909"
"9/12/2019","65.4321"
"9/11/2019","65.4393"
"9/10/2019","65.5698"
"9/7/2019","65.9981"
"9/6/2019","66.0528"
"9/5/2019","66.5002"
"9/4/2019","66.9072"
"9/3/2019","66.6235"
"8/31/2019","66.4897"
"8/30/2019","66.7471"
"8/29/2019","66.4127"
"8/28/2019","66.2608"
"8/27/2019","65.9735"
"8/24/2019","65.6046"
"8/23/2019","65.6196"
"8/22/2019","66.2630"
"8/21/2019","66.7840"
"8/20/2019","66.6082"
"8/17/2019","65.9961"
"8/16/2019","65.8907"
"8/15/2019","65.2032"
"8/14/2019","65.6017"
"8/13/2019","65.4287"
"8/10/2019","65.2543"
"8/9/2019","65.1299"
"8/8/2019","65.0932"
"8/7/2019","65.2030"
"8/6/2019","65.0546"
"8/3/2019","64.6423"
"8/2/2019","63.8340"
"8/1/2019","63.4172"
"7/31/2019","63.3791"
"7/30/2019","63.5210"
"7/27/2019","63.1271"
"7/26/2019","63.1572"
"7/25/2019","63.1162"
"7/24/2019","63.1290"
"7/23/2019","62.9776"
"7/20/2019","62.8666"
"7/19/2019","62.8286"
"7/18/2019","62.9451"
"7/17/2019","62.8129"
"7/16/2019","62.8280"
"7/13/2019","63.0204"
"7/12/2019","62.9944"
"7/11/2019","63.7988"
"7/10/2019","63.7660"
"7/9/2019","63.8699"
"7/6/2019","63.5841"
"7/5/2019","63.4013"
"7/4/2019","63.4951"
"7/3/2019","63.2265"
"7/2/2019","63.0541"
"6/29/2019","63.0756"
"6/28/2019","63.0452"
"6/27/2019","62.8083"
"6/26/2019","62.5229"
"6/25/2019","62.9095"
"6/22/2019","63.1295"
"6/21/2019","63.3877"
"6/20/2019","63.9794"
"6/19/2019","64.3352"
"6/18/2019","64.3187"
"6/15/2019","64.4326"
"6/14/2019","64.6314"
"6/12/2019","64.5158"
"6/11/2019","64.7919"
"6/8/2019","65.0395"
"6/7/2019","65.2340"
"6/6/2019","65.1243"
"6/5/2019","65.1614"
"6/4/2019","65.5547"
"6/1/2019","65.3834"
"5/31/2019","65.0583"
"5/30/2019","64.9084"
"5/29/2019","64.5394"
"5/28/2019","64.4636"
"5/25/2019","64.6106"
"5/24/2019","64.4913"
"5/23/2019","64.4156"
"5/22/2019","64.5372"
"5/21/2019","64.4888"
"5/18/2019","64.6327"
"5/17/2019","64.5598"
"5/16/2019","64.8489"
"5/15/2019","65.3001"
"5/14/2019","65.4703"
"5/9/2019","65.2287"
"5/8/2019","65.2166"
"5/7/2019","65.3350"
"5/1/2019","64.6314"
"4/30/2019","64.6917"
"4/27/2019","64.7053"
"4/26/2019","64.6794"
"4/25/2019","63.9798"
"4/24/2019","63.7906"
"4/23/2019","63.7860"
"4/20/2019","63.9602"
"4/19/2019","64.0688"
"4/18/2019","63.9450"
"4/17/2019","64.2422"
"4/16/2019","64.2469"
"4/13/2019","64.5171"
"4/12/2019","64.3991"
"4/11/2019","64.7373"
"4/10/2019","64.7766"
"4/9/2019","65.3498"
"4/6/2019","65.4072"
"4/5/2019","65.3281"
"4/4/2019","65.1639"
"4/3/2019","65.4726"
"4/2/2019","65.4176"
"3/30/2019","64.7347"
"3/29/2019","64.8012"
"3/28/2019","64.5925"
"3/27/2019","64.1683"
"3/26/2019","64.4993"
"3/23/2019","63.7705"
"3/22/2019","63.7420"
"3/21/2019","64.2803"
"3/20/2019","64.3167"
"3/19/2019","64.6694"
"3/16/2019","65.4201"
"3/15/2019","65.4021"
"3/14/2019","65.5890"
"3/13/2019","65.7674"
"3/12/2019","66.0763"
"3/8/2019","65.9646"
"3/7/2019","65.8430"
"3/6/2019","65.8004"
"3/5/2019","65.7956"
"3/2/2019","65.8145"
"3/1/2019","65.8895"
"2/28/2019","65.7570"
"2/27/2019","65.6182"
"2/26/2019","65.2582"
"2/23/2019","65.5149"
"2/22/2019","65.5401"
"2/21/2019","65.8568"
"2/20/2019","66.2022"
"2/19/2019","66.2470"
"2/16/2019","66.7044"
"2/15/2019","66.5429"
"2/14/2019","65.6783"
"2/13/2019","65.7147"
"2/12/2019","65.6517"
"2/9/2019","66.0628"
"2/8/2019","66.0199"
"2/7/2019","65.6686"
"2/6/2019","65.5691"
"2/5/2019","65.5859"
"2/2/2019","65.6601"
"2/1/2019","65.3577"
"1/31/2019","66.0987"
"1/30/2019","66.3412"
"1/29/2019","65.9300"
"1/26/2019","65.9170"
"1/25/2019","66.0016"
"1/24/2019","66.3318"
"1/23/2019","66.5499"
"1/22/2019","66.3634"
"1/19/2019","66.3309"
"1/18/2019","66.4438"
"1/17/2019","66.7617"
"1/16/2019","67.0820"
"1/15/2019","67.1920"
"1/12/2019","66.9167"
"1/11/2019","66.8605"
"1/10/2019","67.0795"
"12/30/2018","69.4706"
"12/29/2018","69.5218"
"12/28/2018","68.8762"
"12/27/2018","68.8865"
"12/26/2018","68.7448"
"12/25/2018","68.4073"
"12/22/2018","68.0085"
"12/21/2018","67.3710"
"12/20/2018","67.1121"
"12/19/2018","66.7454"
"12/18/2018","66.6208"
"12/15/2018","66.4337"
"12/14/2018","66.2550"
"12/13/2018","66.4225"
"12/12/2018","66.5022"
"12/11/2018","66.2416"
"12/8/2018","66.9227"
"12/7/2018","66.7377"
"12/6/2018","66.8242"
"12/5/2018","66.4467"
"12/4/2018","66.2921"
"12/1/2018","66.5335"
"11/30/2018","66.6342"
"11/29/2018","66.9436"
"11/28/2018","66.7800"
"11/27/2018","66.5072"
"11/24/2018","65.6664"
"11/23/2018","65.6067"
"11/22/2018","65.9485"
"11/21/2018","65.5871"
"11/20/2018","66.0081"
"11/17/2018","65.9931"
"11/16/2018","66.6159"
"11/15/2018","67.9975"
"11/14/2018","67.6812"
"11/13/2018","67.5238"
"11/10/2018","66.8497"
"11/9/2018","66.2155"
"11/8/2018","66.0918"
"11/7/2018","65.9912"
"11/3/2018","65.5799"
"11/2/2018","65.6517"
"11/1/2018","65.5962"
"10/31/2018","65.7742"
"10/30/2018","65.8129"
"10/27/2018","65.6345"
"10/26/2018","65.7476"
"10/25/2018","65.6299"
"10/24/2018","65.3101"
"10/23/2018","65.3065"
"10/20/2018","65.8140"
"10/19/2018","65.7238"
"10/18/2018","65.4026"
"10/17/2018","65.5305"
"10/16/2018","65.7508"
"10/13/2018","65.9751"
"10/12/2018","66.7727"
"10/11/2018","66.1832"
"10/10/2018","66.4032"
"10/9/2018","66.9685"
"10/6/2018","66.6270"
"10/5/2018","66.2115"
"10/4/2018","65.4244"
"10/3/2018","65.2221"
"10/2/2018","65.5745"
"9/29/2018","65.5906"
"9/28/2018","65.8355"
"9/27/2018","65.7585"
"9/26/2018","65.8244"
"9/25/2018","66.1594"
"9/22/2018","66.2497"
"9/21/2018","66.4725"
"9/20/2018","67.0098"
"9/19/2018","67.7519"
"9/18/2018","68.1958"
"9/15/2018","68.2826"
"9/14/2018","68.6370"
"9/13/2018","69.5728"
"9/12/2018","69.9744"
"9/11/2018","69.8685"
"9/8/2018","69.0286"
"9/7/2018","68.2505"
"9/6/2018","68.4628"
"9/5/2018","68.2737"
"9/4/2018","67.7443"
"9/1/2018","68.0447"
"8/31/2018","68.0821"
"8/30/2018","68.1451"
"8/29/2018","67.3911"
"8/28/2018","67.3963"
"8/25/2018","67.7911"
"8/24/2018","68.5259"
"8/23/2018","67.6163"
"8/22/2018","67.1783"
"8/21/2018","67.1807"
"8/18/2018","66.8757"
"8/17/2018","66.8932"
"8/16/2018","66.3772"
"8/15/2018","66.7535"
"8/14/2018","68.2234"
"8/11/2018","66.9075"
"8/10/2018","66.2856"
"8/9/2018","63.5950"
"8/8/2018","63.5425"
"8/7/2018","63.4975"
"8/4/2018","63.4549"
"8/3/2018","63.1358"
"8/2/2018","62.5590"
"8/1/2018","62.3497"
"7/31/2018","62.7805"
"7/28/2018","62.9726"
"7/27/2018","62.9471"
"7/26/2018","63.0836"
"7/25/2018","62.9235"
"7/24/2018","63.1957"
"7/21/2018","63.4888"
"7/20/2018","63.2746"
"7/19/2018","62.9006"
"7/18/2018","62.4352"
"7/17/2018","62.2556"
"7/14/2018","62.2934"
"7/13/2018","62.2062"
"7/12/2018","62.0980"
"7/11/2018","62.4442"
"7/10/2018","62.8338"
"7/7/2018","63.1216"
"7/6/2018","63.2604"
"7/5/2018","63.2267"
"7/4/2018","63.2194"
"7/3/2018","63.1394"
"6/30/2018","62.7565"
"6/29/2018","63.2910"
"6/28/2018","63.1359"
"6/27/2018","62.7908"
"6/26/2018","62.9497"
"6/23/2018","63.2396"
"6/22/2018","63.7873"
"6/21/2018","63.6175"
"6/20/2018","64.0683"
"6/19/2018","63.4838"
"6/16/2018","62.6851"
"6/15/2018","62.2511"
"6/14/2018","63.1164"
"6/10/2018","62.3431"
"6/9/2018","62.6680"
"6/8/2018","61.8125"
"6/7/2018","62.0064"
"6/6/2018","61.9822"
"6/5/2018","61.9290"
"6/2/2018","62.2056"
"6/1/2018","62.0188"
"5/31/2018","62.5937"
"5/30/2018","62.6420"
"5/29/2018","62.2710"
"5/26/2018","61.6659"
"5/25/2018","61.4090"
"5/24/2018","61.5945"
"5/23/2018","61.2610"
"5/22/2018","62.5327"
"5/19/2018","61.9408"
"5/18/2018","61.8215"
"5/17/2018","62.3033"
"5/16/2018","61.9164"
"5/15/2018","61.7684"
"5/12/2018","61.7354"
"5/11/2018","62.5229"
"5/9/2018","63.0066"
"5/8/2018","62.7148"
"5/5/2018","63.2012"
"5/4/2018","63.4860"
"4/29/2018","61.9997"
"4/28/2018","62.7260"
"4/27/2018","62.6027"
"4/26/2018","61.7494"
"4/25/2018","61.6644"
"4/24/2018","61.7655"
"4/21/2018","61.3222"
"4/20/2018","60.8583"
"4/19/2018","61.5539"
"4/18/2018","61.1454"
"4/17/2018","62.2794"
"4/14/2018","61.4311"
"4/13/2018","62.0659"
"4/12/2018","64.0626"
"4/11/2018","62.3699"
"4/10/2018","58.5714"
"4/7/2018","57.8332"
"4/6/2018","57.5796"
"4/5/2018","57.7646"
"4/4/2018","57.5375"
"4/3/2018","57.2850"
"3/31/2018","57.2649"
"3/30/2018","57.7626"
"3/29/2018","57.5598"
"3/28/2018","57.1747"
"3/27/2018","57.0039"
"3/24/2018","57.1072"
"3/23/2018","56.8391"
"3/22/2018","57.4954"
"3/21/2018","57.7033"
"3/20/2018","57.5521"
"3/17/2018","57.4942"
"3/16/2018","57.0188"
"3/15/2018","56.9372"
"3/14/2018","56.9359"
"3/13/2018","56.6122"
"3/8/2018","56.8011"
"3/7/2018","56.5041"
"3/6/2018","57.1000"
"3/3/2018","56.6616"
"3/2/2018","56.4334"
"3/1/2018","56.3742"
"2/28/2018","55.6717"
"2/27/2018","55.9208"
"2/23/2018","56.7608"
"2/22/2018","56.6537"
"2/21/2018","56.5201"
"2/20/2018","56.3438"
"2/17/2018","56.3554"
"2/16/2018","56.5918"
"2/15/2018","57.5899"
"2/14/2018","57.7701"
"2/13/2018","58.0171"
"2/10/2018","58.1718"
"2/9/2018","57.6736"
"2/8/2018","56.9533"
"2/7/2018","57.2196"
"2/6/2018","56.6278"
"2/3/2018","56.0408"
"2/2/2018","56.2613"
"2/1/2018","56.1840"
"1/31/2018","56.2914"
"1/30/2018","56.2908"
"1/27/2018","55.8288"
"1/26/2018","55.9288"
"1/25/2018","56.3888"
"1/24/2018","56.4115"
"1/23/2018","56.6261"
"1/20/2018","56.5892"
"1/19/2018","56.7597"
"1/18/2018","56.5925"
"1/17/2018","56.3878"
"1/16/2018","56.3569"
"1/13/2018","56.6019"
"1/12/2018","56.9957"
"1/11/2018","56.8734"
"1/10/2018","57.0463"
"12/30/2017","57.6002"
"12/29/2017","57.6291"
"12/28/2017","57.4544"
"12/27/2017","57.7343"
"12/26/2017","58.1989"
"12/23/2017","58.3152"
"12/22/2017","58.5596"
"12/21/2017","58.7170"
"12/20/2017","58.6117"
"12/19/2017","58.6940"
"12/16/2017","58.8987"
"12/15/2017","58.7082"
"12/14/2017","59.1446"
"12/13/2017","58.8370"
"12/12/2017","59.2348"
"12/9/2017","59.2811"
"12/8/2017","59.2948"
"12/7/2017","58.9281"
"12/6/2017","58.6924"
"12/5/2017","58.9911"
"12/2/2017","58.5182"
"12/1/2017","58.5814"
"11/30/2017","58.3311"
"11/29/2017","58.4125"
"11/28/2017","58.2773"
"11/25/2017","58.5318"
"11/24/2017","58.4622"
"11/23/2017","59.0061"
"11/22/2017","59.4604"
"11/21/2017","59.2746"
"11/18/2017","59.6325"
"11/17/2017","59.9898"
"11/16/2017","60.2490"
"11/15/2017","59.6207"
"11/14/2017","59.1823"
"11/11/2017","59.2808"
"11/10/2017","59.2527"
"11/9/2017","59.2480"
"11/8/2017","58.4557"
"11/4/2017","58.4296"
"11/3/2017","58.0869"
"11/2/2017","58.1557"
"11/1/2017","58.1179"
"10/31/2017","57.8716"
"10/28/2017","58.0833"
"10/27/2017","57.7643"
"10/26/2017","57.6140"
"10/25/2017","57.5852"
"10/24/2017","57.4706"
"10/21/2017","57.5118"
"10/20/2017","57.5706"
"10/19/2017","57.2721"
"10/18/2017","57.3392"
"10/17/2017","57.0861"
"10/14/2017","57.6196"
"10/13/2017","57.6869"
"10/12/2017","57.9210"
"10/11/2017","58.0713"
"10/10/2017","58.3151"
"10/7/2017","57.7612"
"10/6/2017","57.5811"
"10/5/2017","57.7832"
"10/4/2017","57.9375"
"10/3/2017","57.8134"
"9/30/2017","58.0169"
"9/29/2017","58.4255"
"9/28/2017","58.0102"
"9/27/2017","57.5186"
"9/26/2017","57.5660"
"9/23/2017","57.6527"
"9/22/2017","58.2242"
"9/21/2017","58.1290"
"9/20/2017","58.0993"
"9/19/2017","57.6242"
"9/16/2017","57.5336"
"9/15/2017","57.7706"
"9/14/2017","57.6679"
"9/13/2017","57.2656"
"9/12/2017","57.1694"
"9/9/2017","56.9966"
"9/8/2017","57.1411"
"9/7/2017","57.3387"
"9/6/2017","57.8503"
"9/5/2017","57.7817"
"9/2/2017","58.0557"
"9/1/2017","58.5454"
"8/31/2017","58.7306"
"8/30/2017","58.5320"
"8/29/2017","58.5469"
"8/26/2017","59.1476"
"8/25/2017","59.1397"
"8/24/2017","59.1312"
"8/23/2017","59.0396"
"8/22/2017","59.1409"
"8/19/2017","59.3612"
"8/18/2017","59.2490"
"8/17/2017","59.6521"
"8/16/2017","59.9266"
"8/15/2017","59.7990"
"8/12/2017","60.1873"
"8/11/2017","59.9298"
"8/10/2017","59.9611"
"8/9/2017","59.9886"
"8/8/2017","60.0605"
"8/5/2017","60.3281"
"8/4/2017","60.7503"
"8/3/2017","60.5819"
"8/2/2017","59.8454"
"8/1/2017","60.0633"
"7/29/2017","59.5436"
"7/28/2017","59.4102"
"7/27/2017","59.9102"
"7/26/2017","59.8185"
"7/25/2017","59.6572"
"7/22/2017","58.9325"
"7/21/2017","59.0823"
"7/20/2017","59.2418"
"7/19/2017","59.3705"
"7/18/2017","59.0657"
"7/15/2017","59.8806"
"7/14/2017","60.1836"
"7/13/2017","60.6227"
"7/12/2017","60.7397"
"7/11/2017","60.3014"
"7/8/2017","60.3792"
"7/7/2017","60.2426"
"7/6/2017","59.5787"
"7/5/2017","59.2295"
"7/4/2017","58.9695"
"7/1/2017","59.3862"
"6/30/2017","59.0855"
"6/29/2017","59.5415"
"6/28/2017","58.8843"
"6/27/2017","59.0014"
"6/24/2017","59.6564"
"6/23/2017","60.1482"
"6/22/2017","60.0000"
"6/21/2017","58.5786"
"6/20/2017","57.9585"
"6/17/2017","57.7408"
"6/16/2017","57.4437"
"6/15/2017","57.0303"
"6/14/2017","56.9096"
"6/10/2017","57.0020"
"6/9/2017","56.9857"
"6/8/2017","56.5878"
"6/7/2017","56.6747"
"6/6/2017","56.6152"
"6/3/2017","56.6876"
"6/2/2017","56.5373"
"6/1/2017","56.6876"
"5/31/2017","56.5168"
"5/30/2017","56.7106"
"5/27/2017","56.7560"
"5/26/2017","56.0701"
"5/25/2017","56.2743"
"5/24/2017","56.5552"
"5/23/2017","56.4988"
"5/20/2017","57.1602"
"5/19/2017","57.4683"
"5/18/2017","56.7383"
"5/17/2017","56.2603"
"5/16/2017","56.5258"
"5/13/2017","57.1640"
"5/12/2017","57.1161"
"5/11/2017","58.0824"
"5/6/2017","58.5382"
"5/5/2017","57.5714"
"5/4/2017","57.0927"
"5/3/2017","56.9518"
"4/29/2017","56.9838"
"4/28/2017","56.9707"
"4/27/2017","56.3131"
"4/26/2017","55.8453"
"4/25/2017","56.0794"
"4/22/2017","56.2307"
"4/21/2017","56.4165"
"4/20/2017","56.1753"
"4/19/2017","55.9793"
"4/18/2017","56.2505"
"4/15/2017","56.2945"
"4/14/2017","56.6019"
"4/13/2017","56.7556"
"4/12/2017","56.9552"
"4/11/2017","57.3896"
"4/8/2017","56.9201"
"4/7/2017","56.4369"
"4/6/2017","55.8940"
"4/5/2017","56.5553"
"4/4/2017","56.1396"
"4/1/2017","55.9606"
"3/31/2017","56.3779"
"3/30/2017","57.0241"
"3/29/2017","56.9364"
"3/28/2017","57.0233"
"3/25/2017","57.4247"
"3/24/2017","57.5228"
"3/23/2017","57.6360"
"3/22/2017","57.2323"
"3/21/2017","57.2847"
"3/18/2017","57.9344"
"3/17/2017","58.2437"
"3/16/2017","59.1128"
"3/15/2017","58.9540"
"3/14/2017","59.1327"
"3/11/2017","59.2174"
"3/10/2017","58.8318"
"3/8/2017","58.2630"
"3/7/2017","58.3370"
"3/4/2017","58.9099"
"3/3/2017","58.4067"
"3/2/2017","58.3776"
"3/1/2017","57.9627"
"2/28/2017","57.9371"
"2/23/2017","57.4762"
"2/22/2017","57.8590"
"2/21/2017","58.0967"
"2/18/2017","57.6342"
"2/17/2017","57.1507"
"2/16/2017","56.7719"
"2/15/2017","57.7388"
"2/14/2017","58.0619"
"2/11/2017","58.8457"
"2/10/2017","59.0235"
"2/9/2017","59.5129"
"2/8/2017","59.1933"
"2/7/2017","58.7121"
"2/4/2017","59.3137"
"2/3/2017","59.9858"
"2/2/2017","60.3099"
"2/1/2017","60.0851"
"1/31/2017","60.1618"
"1/28/2017","60.3196"
"1/27/2017","59.6356"
"1/26/2017","59.1489"
"1/25/2017","59.2168"
"1/24/2017","59.5034"
"1/21/2017","59.6697"
"1/20/2017","59.3521"
"1/19/2017","59.1830"
"1/18/2017","59.4015"
"1/17/2017","59.6067"
"1/14/2017","59.3700"
"1/13/2017","59.4978"
"1/12/2017","60.1614"
"1/11/2017","59.9533"
"1/10/2017","59.8961"
"12/31/2016","60.6569"
"12/30/2016","60.2730"
"12/29/2016","60.6669"
"12/28/2016","60.8587"
"12/27/2016","60.9084"
"12/24/2016","60.8528"
"12/23/2016","60.8641"
"12/22/2016","61.1092"
"12/21/2016","61.7967"
"12/20/2016","61.7931"
"12/17/2016","61.7515"
"12/16/2016","61.6368"
"12/15/2016","60.8079"
"12/14/2016","61.0690"
"12/13/2016","61.5804"
"12/10/2016","63.3028"
"12/9/2016","63.3901"
"12/8/2016","63.9114"
"12/7/2016","63.8741"
"12/6/2016","63.9242"
"12/3/2016","64.1528"
"12/2/2016","63.6807"
"12/1/2016","65.2382"
"11/30/2016","64.9449"
"11/29/2016","64.9153"
"11/26/2016","64.6174"
"11/25/2016","64.6279"
"11/24/2016","64.0087"
"11/23/2016","63.6282"
"11/22/2016","64.3580"
"11/19/2016","65.1023"
"11/18/2016","64.9154"
"11/17/2016","64.5463"
"11/16/2016","65.5548"
"11/15/2016","65.8591"
"11/12/2016","65.2167"
"11/11/2016","63.4161"
"11/10/2016","63.8928"
"11/9/2016","63.7364"
"11/8/2016","63.9074"
"11/4/2016","63.5043"
"11/3/2016","63.4166"
"11/2/2016","63.2025"
"11/1/2016","63.2174"
"10/29/2016","62.9037"
"10/28/2016","63.0399"
"10/27/2016","62.2597"
"10/26/2016","62.0480"
"10/25/2016","62.2349"
"10/22/2016","62.4499"
"10/21/2016","62.4194"
"10/20/2016","62.5841"
"10/19/2016","62.8900"
"10/18/2016","63.1510"
"10/15/2016","62.9934"
"10/14/2016","63.3465"
"10/13/2016","62.5892"
"10/12/2016","62.1946"
"10/11/2016","62.3884"
"10/8/2016","62.3031"
"10/7/2016","62.3900"
"10/6/2016","62.4583"
"10/5/2016","62.4323"
"10/4/2016","62.5477"
"10/1/2016","63.3960"
"9/30/2016","63.1581"
"9/29/2016","63.9509"
"9/28/2016","63.6921"
"9/27/2016","64.1506"
"9/24/2016","63.8642"
"9/23/2016","63.7942"
"9/22/2016","64.4424"
"9/21/2016","64.7513"
"9/20/2016","64.9173"
"9/17/2016","64.9940"
"9/16/2016","65.2170"
"9/15/2016","64.9737"
"9/14/2016","64.8102"
"9/13/2016","65.0539"
"9/10/2016","64.1617"
"9/9/2016","63.9730"
"9/8/2016","64.3804"
"9/7/2016","64.8306"
"9/6/2016","64.7644"
"9/3/2016","65.8684"
"9/2/2016","65.2566"
"9/1/2016","65.2535"
"8/31/2016","64.9072"
"8/30/2016","65.0810"
"8/27/2016","64.7380"
"8/26/2016","64.9459"
"8/25/2016","64.8140"
"8/24/2016","64.7684"
"8/23/2016","64.2078"
"8/20/2016","63.9391"
"8/19/2016","63.5487"
"8/18/2016","63.9943"
"8/17/2016","63.9514"
"8/16/2016","64.2076"
"8/13/2016","64.3364"
"8/12/2016","64.9497"
"8/11/2016","64.8137"
"8/10/2016","64.7848"
"8/9/2016","65.0799"
"8/6/2016","65.5627"
"8/5/2016","66.3941"
"8/4/2016","66.7420"
"8/3/2016","66.8816"
"8/2/2016","65.9553"
"7/30/2016","67.0512"
"7/29/2016","66.1125"
"7/28/2016","65.9467"
"7/27/2016","65.7408"
"7/26/2016","64.9184"
"7/23/2016","64.6270"
"7/22/2016","63.7373"
"7/21/2016","63.4183"
"7/20/2016","62.9891"
"7/19/2016","63.1154"
"7/16/2016","63.1697"
"7/15/2016","63.5773"
"7/14/2016","63.8531"
"7/13/2016","63.9029"
"7/12/2016","64.2024"
"7/9/2016","64.2488"
"7/8/2016","64.0500"
"7/7/2016","64.6304"
"7/6/2016","64.2676"
"7/5/2016","63.6844"
"7/2/2016","64.0165"
"7/1/2016","64.1755"
"6/30/2016","64.2575"
"6/29/2016","64.8095"
"6/28/2016","65.0588"
"6/25/2016","65.5287"
"6/24/2016","64.3212"
"6/23/2016","63.7162"
"6/22/2016","64.1743"
"6/21/2016","64.1509"
"6/18/2016","65.4398"
"6/17/2016","65.8618"
"6/16/2016","65.9156"
"6/15/2016","66.0306"
"6/11/2016","64.7077"
"6/10/2016","63.7402"
"6/9/2016","64.6797"
"6/8/2016","65.2089"
"6/7/2016","65.7894"
"6/4/2016","66.8529"
"6/3/2016","66.7491"
"6/2/2016","66.6156"
"6/1/2016","65.9962"
"5/31/2016","66.0825"
"5/28/2016","66.0413"
"5/27/2016","65.2062"
"5/26/2016","65.8949"
"5/25/2016","67.0493"
"5/24/2016","67.0475"
"5/21/2016","66.3775"
"5/20/2016","66.2110"
"5/19/2016","65.0641"
"5/18/2016","64.5138"
"5/17/2016","64.8895"
"5/14/2016","64.9306"
"5/13/2016","64.9607"
"5/12/2016","66.2428"
"5/11/2016","66.3277"
"5/7/2016","66.1928"
"5/6/2016","65.8918"
"5/5/2016","66.1718"
"4/30/2016","64.3334"
"4/29/2016","65.1133"
"4/28/2016","65.1618"
"4/27/2016","66.4559"
"4/26/2016","66.6295"
"4/23/2016","66.2198"
"4/22/2016","65.0254"
"4/21/2016","66.0364"
"4/20/2016","65.6474"
"4/19/2016","68.2724"
"4/16/2016","66.0452"
"4/15/2016","66.4954"
"4/14/2016","65.7662"
"4/13/2016","66.3456"
"4/12/2016","67.1250"
"4/9/2016","67.4662"
"4/8/2016","67.7960"
"4/7/2016","68.5215"
"4/6/2016","68.8901"
"4/5/2016","68.6753"
"4/2/2016","67.1410"
"4/1/2016","67.8552"
"3/31/2016","67.6076"
"3/30/2016","68.7549"
"3/29/2016","67.7807"
"3/26/2016","68.4346"
"3/25/2016","68.9328"
"3/24/2016","67.6409"
"3/23/2016","67.7764"
"3/22/2016","68.8086"
"3/19/2016","68.4026"
"3/18/2016","68.5598"
"3/17/2016","71.0256"
"3/16/2016","70.5408"
"3/15/2016","70.1542"
"3/12/2016","70.3067"
"3/11/2016","71.0928"
"3/10/2016","72.3775"
"3/5/2016","73.1854"
"3/4/2016","73.8242"
"3/3/2016","73.6256"
"3/2/2016","74.0536"
"3/1/2016","75.8994"
"2/27/2016","75.0903"
"2/26/2016","76.3929"
"2/25/2016","76.3928"
"2/21/2016","77.1326"
"2/20/2016","76.3657"
"2/19/2016","75.4575"
"2/18/2016","77.8503"
"2/17/2016","76.2450"
"2/16/2016","77.7792"
"2/13/2016","79.4951"
"2/12/2016","79.1144"
"2/11/2016","79.0689"
"2/10/2016","78.6805"
"2/9/2016","76.8614"
"2/6/2016","77.3409"
"2/5/2016","76.4609"
"2/4/2016","79.2593"
"2/3/2016","77.9273"
"2/2/2016","76.3264"
"1/30/2016","75.1723"
"1/29/2016","77.3674"
"1/28/2016","78.9969"
"1/27/2016","81.8394"
"1/26/2016","77.7965"
"1/23/2016","80.5714"
"1/22/2016","83.5913"
"1/21/2016","79.4614"
"1/20/2016","78.4862"
"1/19/2016","78.6678"
"1/16/2016","76.5650"
"1/15/2016","76.5230"
"1/14/2016","76.4275"
"1/13/2016","76.6041"
"1/12/2016","75.9507"
"1/1/2016","72.9299"
"12/31/2015","72.8827"
"12/30/2015","72.5066"
"12/29/2015","70.7865"
"12/26/2015","70.2690"
"12/25/2015","69.5165"
"12/24/2015","70.9333"
"12/23/2015","71.1211"
"12/22/2015","71.2553"
"12/19/2015","71.3215"
"12/18/2015","70.5806"
"12/17/2015","70.4012"
"12/16/2015","70.8295"
"12/15/2015","70.2244"
"12/12/2015","69.1755"
"12/11/2015","69.2151"
"12/10/2015","69.2000"
"12/9/2015","69.3026"
"12/8/2015","68.5156"
"12/5/2015","67.6698"
"12/4/2015","67.7691"
"12/3/2015","66.7402"
"12/2/2015","66.2584"
"12/1/2015","66.7370"
"11/28/2015","66.2393"
"11/27/2015","65.6836"
"11/26/2015","65.4789"
"11/25/2015","65.6210"
"11/24/2015","65.5973"
"11/21/2015","64.8673"
"11/20/2015","64.9120"
"11/19/2015","64.7785"
"11/18/2015","65.4799"
"11/17/2015","66.4607"
"11/14/2015","66.6343"
"11/13/2015","65.4541"
"11/12/2015","64.5693"
"11/11/2015","64.3908"
"11/10/2015","64.6606"
"11/7/2015","63.6832"
"11/6/2015","63.3991"
"11/4/2015","63.8525"
"11/3/2015","63.7993"
"10/31/2015","64.3742"
"10/30/2015","64.1686"
"10/29/2015","65.3159"
"10/28/2015","63.5004"
"10/27/2015","62.5038"
"10/24/2015","61.9286"
"10/23/2015","62.7888"
"10/22/2015","62.6309"
"10/21/2015","62.1620"
"10/20/2015","61.4419"
"10/17/2015","61.3587"
"10/16/2015","62.2433"
"10/15/2015","63.1248"
"10/14/2015","62.2237"
"10/13/2015","61.1535"
"10/10/2015","61.2967"
"10/9/2015","62.2942"
"10/8/2015","62.7061"
"10/7/2015","65.0962"
"10/6/2015","65.6248"
"10/3/2015","65.9414"
"10/2/2015","65.0336"
"10/1/2015","65.7364"
"9/30/2015","66.2367"
"9/29/2015","65.5470"
"9/26/2015","65.6727"
"9/25/2015","66.5151"
"9/24/2015","66.0410"
"9/23/2015","66.1747"
"9/22/2015","66.1455"
"9/19/2015","65.6445"
"9/18/2015","65.3623"
"9/17/2015","65.9273"
"9/16/2015","67.1574"
"9/15/2015","67.9571"
"9/12/2015","68.0093"
"9/11/2015","68.4961"
"9/10/2015","67.6219"
"9/9/2015","68.7932"
"9/8/2015","68.4864"
"9/5/2015","67.6850"
"9/4/2015","67.0102"
"9/3/2015","66.6756"
"9/2/2015","65.3495"
"9/1/2015","66.7152"
"8/29/2015","66.4779"
"8/28/2015","67.4473"
"8/27/2015","69.3142"
"8/26/2015","69.9461"
"8/25/2015","70.7465"
"8/22/2015","68.1216"
"8/21/2015","66.9608"
"8/20/2015","65.7222"
"8/19/2015","65.8289"
"8/18/2015","65.5034"
"8/15/2015","64.9363"
"8/14/2015","63.9988"
"8/13/2015","65.0169"
"8/12/2015","63.2098"
"8/11/2015","64.4977"
"8/8/2015","63.8399"
"8/7/2015","63.8644"
"8/6/2015","62.7184"
"8/5/2015","62.9182"
"8/4/2015","62.4677"
"8/1/2015","60.3458"
"7/31/2015","58.9906"
"7/30/2015","59.7665"
"7/29/2015","60.2231"
"7/28/2015","58.7816"
"7/25/2015","58.0374"
"7/24/2015","57.3578"
"7/23/2015","57.0232"
"7/22/2015","57.0025"
"7/21/2015","56.8336"
"7/18/2015","56.8423"
"7/17/2015","56.9504"
"7/16/2015","56.6642"
"7/15/2015","56.9774"
"7/14/2015","56.6079"
"7/11/2015","56.6685"
"7/10/2015","56.9803"
"7/9/2015","57.2174"
"7/8/2015","57.2192"
"7/7/2015","56.4112"
"7/4/2015","55.6049"
"7/3/2015","55.6555"
"7/2/2015","55.4756"
"7/1/2015","55.8413"
"6/30/2015","55.5240"
"6/27/2015","54.8126"
"6/26/2015","54.6026"
"6/25/2015","54.0746"
"6/24/2015","54.2081"
"6/23/2015","53.5569"
"6/20/2015","53.8006"
"6/19/2015","53.3301"
"6/18/2015","53.8999"
"6/17/2015","54.0409"
"6/16/2015","55.2679"
"6/12/2015","54.5285"
"6/11/2015","54.8219"
"6/10/2015","55.9100"
"6/9/2015","56.0435"
"6/6/2015","56.2463"
"6/5/2015","54.9908"
"6/4/2015","53.0590"
"6/3/2015","53.4413"
"6/2/2015","52.8213"
"5/30/2015","52.9716"
"5/29/2015","52.2907"
"5/28/2015","51.0178"
"5/27/2015","50.3223"
"5/26/2015","49.8613"
"5/23/2015","49.7901"
"5/22/2015","49.9204"
"5/21/2015","49.7919"
"5/20/2015","49.1777"
"5/19/2015","49.2175"
"5/16/2015","50.0115"
"5/15/2015","50.0774"
"5/14/2015","49.5366"
"5/13/2015","50.9140"
"5/9/2015","50.7511"
"5/8/2015","50.3615"
"5/7/2015","49.9816"
"5/6/2015","51.7574"
"5/1/2015","51.1388"
"4/30/2015","51.7029"
"4/29/2015","52.3041"
"4/28/2015","51.4690"
"4/25/2015","50.2473"
"4/24/2015","51.6011"
"4/23/2015","53.6555"
"4/22/2015","53.9728"
"4/21/2015","51.5207"
"4/18/2015","50.5295"
"4/17/2015","49.6749"
"4/16/2015","50.5033"
"4/15/2015","51.9749"
"4/14/2015","52.4220"
"4/11/2015","51.0678"
"4/10/2015","52.5424"
"4/9/2015","54.0270"
"4/8/2015","55.3328"
"4/7/2015","56.5161"
"4/4/2015","56.7534"
"4/3/2015","56.9902"
"4/2/2015","58.3536"
"4/1/2015","57.6500"
"3/31/2015","58.4643"
"3/28/2015","57.7279"
"3/27/2015","56.4271"
"3/26/2015","57.3879"
"3/25/2015","58.7710"
"3/24/2015","59.4452"
"3/21/2015","60.0341"
"3/20/2015","59.8308"
"3/19/2015","61.3483"
"3/18/2015","61.7510"
"3/17/2015","62.1497"
"3/14/2015","61.3167"
"3/13/2015","60.9595"
"3/12/2015","62.6797"
"3/11/2015","60.6649"
"3/7/2015","59.9938"
"3/6/2015","61.8457"
"3/5/2015","61.8745"
"3/4/2015","62.3649"
"3/3/2015","62.2248"
"2/28/2015","61.2718"
"2/27/2015","60.7109"
"2/26/2015","62.5906"
"2/25/2015","63.5083"
"2/21/2015","61.7235"
"2/20/2015","62.1307"
"2/19/2015","62.4001"
"2/18/2015","62.8353"
"2/17/2015","62.6632"
"2/14/2015","65.0862"
"2/13/2015","66.0994"
"2/12/2015","66.0585"
"2/11/2015","65.4469"
"2/10/2015","65.7817"
"2/7/2015","66.0432"
"2/6/2015","68.6113"
"2/5/2015","65.4470"
"2/4/2015","67.7727"
"2/3/2015","69.6640"
"1/31/2015","68.9291"
"1/30/2015","68.7303"
"1/29/2015","67.1506"
"1/28/2015","67.8153"
"1/27/2015","65.5937"
"1/24/2015","63.3930"
"1/23/2015","65.4000"
"1/22/2015","65.5558"
"1/21/2015","64.9862"
"1/20/2015","64.9732"
"1/17/2015","65.1738"
"1/16/2015","64.8337"
"1/15/2015","66.0983"
"1/14/2015","64.8425"
"1/13/2015","62.7363"
"1/1/2015","56.2376"
"12/31/2014","56.2584"
"12/30/2014","56.6801"
"12/27/2014","52.0343"
"12/26/2014","52.6159"
"12/25/2014","54.4913"
"12/24/2014","54.5687"
"12/23/2014","56.4940"
"12/20/2014","60.6825"
"12/19/2014","59.6029"
"12/18/2014","67.7851"
"12/17/2014","61.1512"
"12/16/2014","58.3461"
"12/13/2014","56.8919"
"12/12/2014","54.7932"
"12/11/2014","54.2758"
"12/10/2014","54.2116"
"12/9/2014","53.3079"
"12/6/2014","53.1088"
"12/5/2014","52.6932"
"12/4/2014","54.3821"
"12/3/2014","50.7678"
"12/2/2014","51.8068"
"11/29/2014","49.3220"
"11/28/2014","47.6629"
"11/27/2014","46.4244"
"11/26/2014","44.9758"
"11/25/2014","44.7852"
"11/22/2014","45.7926"
"11/21/2014","46.7047"
"11/20/2014","47.0294"
"11/19/2014","46.9797"
"11/18/2014","47.3329"
"11/15/2014","47.3920"
"11/14/2014","46.1233"
"11/13/2014","46.3379"
"11/12/2014","45.9520"
"11/11/2014","45.8926"
"11/8/2014","47.8774"
"11/7/2014","45.1854"
"11/6/2014","44.3993"
"11/1/2014","41.9627"
"10/31/2014","43.3943"
"10/30/2014","42.6525"
"10/29/2014","42.3934"
"10/28/2014","41.9497"
"10/25/2014","41.8101"
"10/24/2014","41.4958"
"10/23/2014","40.9671"
"10/22/2014","41.0501"
"10/21/2014","40.8815"
"10/18/2014","41.0450"
"10/17/2014","40.7457"
"10/16/2014","40.9416"
"10/15/2014","40.5304"
"10/14/2014","40.3251"
"10/11/2014","40.2125"
"10/10/2014","39.9800"
"10/9/2014","39.9819"
"10/8/2014","39.7417"
"10/7/2014","39.9820"
"10/4/2014","39.6980"
"10/3/2014","39.5474"
"10/2/2014","39.6604"
"10/1/2014","39.3836"
"9/30/2014","39.3866"
"9/27/2014","38.7243"
"9/26/2014","38.3007"
"9/25/2014","38.3830"
"9/24/2014","38.6672"
"9/23/2014","38.5782"
"9/20/2014","38.4134"
"9/19/2014","38.4209"
"9/18/2014","38.3724"
"9/17/2014","38.7058"
"9/16/2014","37.9861"
"9/13/2014","37.6545"
"9/12/2014","37.3758"
"9/11/2014","37.1693"
"9/10/2014","37.0261"
"9/9/2014","37.0866"
"9/6/2014","36.9219"
"9/5/2014","36.8038"
"9/4/2014","37.3183"
"9/3/2014","37.3480"
"9/2/2014","37.2945"
"8/30/2014","36.9316"
"8/29/2014","36.3053"
"8/28/2014","36.1397"
"8/27/2014","36.1358"
"8/26/2014","36.1201"
"8/23/2014","36.0027"
"8/22/2014","36.3317"
"8/21/2014","36.2240"
"8/20/2014","36.1094"
"8/19/2014","36.0294"
"8/16/2014","36.0014"
"8/15/2014","36.0395"
"8/14/2014","36.2222"
"8/13/2014","36.0890"
"8/12/2014","36.0475"
"8/9/2014","36.4461"
"8/8/2014","36.2496"
"8/7/2014","36.1102"
"8/6/2014","35.7987"
"8/5/2014","35.6605"
"8/2/2014","35.7272"
"8/1/2014","35.4438"
"7/31/2014","35.7271"
"7/30/2014","35.6339"
"7/29/2014","35.3457"
"7/26/2014","35.0535"
"7/25/2014","35.0786"
"7/24/2014","34.8101"
"7/23/2014","35.0387"
"7/22/2014","35.0900"
"7/19/2014","35.1627"
"7/18/2014","34.7998"
"7/17/2014","34.3853"
"7/16/2014","34.3723"
"7/15/2014","34.3135"
"7/12/2014","34.0582"
"7/11/2014","33.8353"
"7/10/2014","34.0758"
"7/9/2014","34.4258"
"7/8/2014","34.5691"
"7/5/2014","34.3236"
"7/4/2014","34.1949"
"7/3/2014","34.2496"
"7/2/2014","34.2275"
"7/1/2014","33.8434"
"6/28/2014","33.6306"
"6/27/2014","33.7508"
"6/26/2014","33.9070"
"6/25/2014","33.9812"
"6/24/2014","34.2797"
"6/21/2014","34.4190"
"6/20/2014","34.3025"
"6/19/2014","34.8232"
"6/18/2014","34.8095"
"6/17/2014","34.5654"
"6/12/2014","34.3227"
"6/11/2014","34.3681"
"6/10/2014","34.3303"
"6/7/2014","34.6573"
"6/6/2014","34.9043"
"6/5/2014","35.1398"
"6/4/2014","35.0115"
"6/3/2014","34.8887"
"5/31/2014","34.7352"
"5/30/2014","34.6481"
"5/29/2014","34.4895"
"5/28/2014","34.2571"
"5/27/2014","34.0771"
"5/24/2014","34.3139"
"5/23/2014","34.2802"
"5/22/2014","34.5078"
"5/21/2014","34.6007"
"5/20/2014","34.7394"
"5/17/2014","34.7794"
"5/16/2014","34.7005"
"5/15/2014","34.7090"
"5/14/2014","34.8789"
"5/13/2014","35.2091"
"5/9/2014","35.0343"
"5/8/2014","35.4971"
"5/7/2014","35.6550"
"5/6/2014","35.8381"
"5/1/2014","35.7227"
"4/30/2014","35.6983"
"4/29/2014","36.0245"
"4/26/2014","35.9289"
"4/25/2014","35.6830"
"4/24/2014","35.6625"
"4/23/2014","35.6785"
"4/22/2014","35.6688"
"4/19/2014","35.5389"
"4/18/2014","35.9287"
"4/17/2014","36.0813"
"4/16/2014","35.9635"
"4/15/2014","35.9890"
"4/12/2014","35.6239"
"4/11/2014","35.5581"
"4/10/2014","35.7493"
"4/9/2014","35.5475"
"4/8/2014","35.4679"
"4/5/2014","35.5010"
"4/4/2014","35.5154"
"4/3/2014","35.2517"
"4/2/2014","35.0240"
"4/1/2014","35.6053"
"3/29/2014","35.6871"
"3/28/2014","35.5810"
"3/27/2014","35.4494"
"3/26/2014","35.9316"
"3/25/2014","36.1663"
"3/22/2014","36.4022"
"3/21/2014","36.1081"
"3/20/2014","36.2070"
"3/19/2014","36.4487"
"3/18/2014","36.6505"
"3/15/2014","36.6391"
"3/14/2014","36.4566"
"3/13/2014","36.4865"
"3/12/2014","36.4015"
"3/8/2014","36.2618"
"3/7/2014","36.1251"
"3/6/2014","36.0849"
"3/5/2014","36.3208"
"3/4/2014","36.3784"
"3/1/2014","36.1847"
"2/28/2014","36.0501"
"2/27/2014","35.7872"
"2/26/2014","35.5669"
"2/25/2014","35.5112"
"2/22/2014","35.6828"
"2/21/2014","35.7670"
"2/20/2014","35.5857"
"2/19/2014","35.2386"
"2/18/2014","35.0976"
"2/15/2014","35.2559"
"2/14/2014","34.8611"
"2/13/2014","34.7595"
"2/12/2014","34.7964"
"2/11/2014","34.7636"
"2/8/2014","34.6044"
"2/7/2014","34.7287"
"2/6/2014","34.9592"
"2/5/2014","35.4502"
"2/4/2014","35.2347"
"2/1/2014","35.1800"
"1/31/2014","35.2448"
"1/30/2014","34.5633"
"1/29/2014","34.6250"
"1/28/2014","34.7093"
"1/25/2014","34.2600"
"1/24/2014","34.0334"
"1/23/2014","33.8688"
"1/22/2014","33.8161"
"1/21/2014","33.6429"
"1/18/2014","33.4343"
"1/17/2014","33.4013"
"1/16/2014","33.3562"
"1/15/2014","33.2386"
"1/14/2014","33.1204"
"1/11/2014","33.2062"
"1/10/2014","33.1547"
"1/1/2014","32.6587"
"12/31/2013","32.7292"
"12/28/2013","32.6282"
"12/27/2013","32.6710"
"12/26/2013","32.6487"
"12/25/2013","32.6284"
"12/24/2013","32.9506"
"12/21/2013","32.9798"
"12/20/2013","32.9527"
"12/19/2013","32.9404"
"12/18/2013","32.8646"
"12/17/2013","32.8658"
"12/14/2013","32.8663"
"12/13/2013","32.7518"
"12/12/2013","32.7315"
"12/11/2013","32.7848"
"12/10/2013","32.7782"
"12/7/2013","32.9514"
"12/6/2013","33.1140"
"12/5/2013","33.2632"
"12/4/2013","33.2460"
"12/3/2013","33.1482"
"11/30/2013","33.1916"
"11/29/2013","33.1332"
"11/28/2013","33.0041"
"11/27/2013","32.9879"
"11/26/2013","32.7733"
"11/23/2013","32.9055"
"11/22/2013","33.0180"
"11/21/2013","32.7417"
"11/20/2013","32.6098"
"11/19/2013","32.5658"
"11/16/2013","32.6807"
"11/15/2013","32.6874"
"11/14/2013","32.8184"
"11/13/2013","32.8076"
"11/12/2013","32.6622"
"11/9/2013","32.5479"
"11/8/2013","32.3803"
"11/7/2013","32.4511"
"11/6/2013","32.3509"
"11/2/2013","32.1808"
"11/1/2013","32.0758"
"10/31/2013","32.0613"
"10/30/2013","31.9445"
"10/29/2013","31.8119"
"10/26/2013","31.6775"
"10/25/2013","31.6618"
"10/24/2013","31.7448"
"10/23/2013","31.9346"
"10/22/2013","31.9013"
"10/19/2013","31.8460"
"10/18/2013","32.0816"
"10/17/2013","32.2561"
"10/16/2013","32.2676"
"10/15/2013","32.2663"
"10/12/2013","32.2133"
"10/11/2013","32.3564"
"10/10/2013","32.3619"
"10/9/2013","32.2984"
"10/8/2013","32.2931"
"10/5/2013","32.1005"
"10/4/2013","32.1250"
"10/3/2013","32.2979"
"10/2/2013","32.2965"
"10/1/2013","32.4839"
"9/28/2013","32.3451"
"9/27/2013","32.1736"
"9/26/2013","31.9343"
"9/25/2013","31.8167"
"9/24/2013","31.9106"
"9/21/2013","31.7326"
"9/20/2013","31.5892"
"9/19/2013","32.2450"
"9/18/2013","32.3237"
"9/17/2013","32.2907"
"9/14/2013","32.7406"
"9/13/2013","32.6731"
"9/12/2013","32.9629"
"9/11/2013","33.0600"
"9/10/2013","33.3243"
"9/7/2013","33.4338"
"9/6/2013","33.3901"
"9/5/2013","33.4656"
"9/4/2013","33.3693"
"9/3/2013","33.2522"
"8/31/2013","33.2474"
"8/30/2013","33.1783"
"8/29/2013","33.1798"
"8/28/2013","33.1224"
"8/27/2013","32.9564"
"8/24/2013","33.0552"
"8/23/2013","33.1908"
"8/22/2013","32.9737"
"8/21/2013","33.0006"
"8/20/2013","32.9226"
"8/17/2013","32.9421"
"8/16/2013","33.0004"
"8/15/2013","33.1583"
"8/14/2013","33.0426"
"8/13/2013","32.8910"
"8/10/2013","32.8606"
"8/9/2013","32.9401"
"8/8/2013","32.9848"
"8/7/2013","32.9390"
"8/6/2013","32.8811"
"8/3/2013","33.0978"
"8/2/2013","32.9741"
"8/1/2013","33.0330"
"7/31/2013","32.8901"
"7/30/2013","32.8556"
"7/27/2013","32.6371"
"7/26/2013","32.5376"
"7/25/2013","32.3462"
"7/24/2013","32.3106"
"7/23/2013","32.3236"
"7/20/2013","32.4288"
"7/19/2013","32.3998"
"7/18/2013","32.4526"
"7/17/2013","32.5417"
"7/16/2013","32.6220"
"7/13/2013","32.6429"
"7/12/2013","32.5867"
"7/11/2013","32.9112"
"7/10/2013","33.0842"
"7/9/2013","33.3210"
"7/6/2013","33.2247"
"7/5/2013","33.1605"
"7/4/2013","33.2204"
"7/3/2013","32.9475"
"7/2/2013","32.8517"
"6/29/2013","32.7090"
"6/28/2013","32.8766"
"6/27/2013","32.8876"
"6/26/2013","32.7140"
"6/25/2013","32.9097"
"6/22/2013","32.7433"
"6/21/2013","32.7041"
"6/20/2013","32.1201"
"6/19/2013","31.8824"
"6/18/2013","31.6790"
"6/15/2013","31.8029"
"6/14/2013","32.3467"
"6/12/2013","32.3951"
"6/11/2013","32.3246"
"6/8/2013","32.2397"
"6/7/2013","32.1385"
"6/6/2013","31.9816"
"6/5/2013","31.8344"
"6/4/2013","32.0487"
"6/1/2013","31.7979"
"5/31/2013","31.5893"
"5/30/2013","31.5203"
"5/29/2013","31.3784"
"5/28/2013","31.3025"
"5/25/2013","31.3164"
"5/24/2013","31.4711"
"5/23/2013","31.2280"
"5/22/2013","31.1770"
"5/21/2013","31.3406"
"5/18/2013","31.3931"
"5/17/2013","31.4166"
"5/16/2013","31.4281"
"5/15/2013","31.2778"
"5/14/2013","31.3777"
"5/9/2013","31.0829"
"5/8/2013","31.0789"
"5/7/2013","31.0839"
"5/1/2013","31.0433"
"4/30/2013","31.2559"
"4/27/2013","31.2196"
"4/26/2013","31.3169"
"4/25/2013","31.5917"
"4/24/2013","31.6414"
"4/23/2013","31.5664"
"4/20/2013","31.4605"
"4/19/2013","31.7151"
"4/18/2013","31.2320"
"4/17/2013","31.4512"
"4/16/2013","31.3051"
"4/13/2013","30.9308"
"4/12/2013","30.8814"
"4/11/2013","31.0036"
"4/10/2013","31.2086"
"4/9/2013","31.6144"
"4/6/2013","31.6207"
"4/5/2013","31.7203"
"4/4/2013","31.3918"
"4/3/2013","31.1178"
"4/2/2013","31.1093"
"3/30/2013","31.0834"
"3/29/2013","30.9962"
"3/28/2013","30.8630"
"3/27/2013","30.8734"
"3/26/2013","30.7585"
