"runid","secid","scheme","features","lookback","horizon","hidden","layers","dropout","lr","batch_size","epochs_trained","mae_train","mae_val","mae_test","rmse_train","rmse_val","rmse_test","mase_train","mase_val","mase_test","dir_accuracy_train","dir_accuracy_val","dir_accuracy_test","duration_sec","device"
"1779290875849","SBER","vanilla","quotes","15","1","64","1","0.1","0.001","64","23","0.013727","0.010999","0.010436","0.020196","0.015616","0.013885","0.685154","0.549027","0.520908","0.538929","0.52795","0.493827","4","cuda"
"1779290882624","SBER","vanilla","quotes_macro","15","1","64","1","0.1","0.001","64","29","0.012936","0.010705","0.009952","0.019118","0.015138","0.012704","0.645681","0.534343","0.496748","0.56691","0.540373","0.506173","4","cuda"
"1779290889731","SBER","vanilla","quotes_macro_fund","15","1","64","1","0.1","0.001","64","50","0.012375","0.028903","0.040895","0.01839","0.03372","0.042161","0.61767","1.442684","2.041217","0.60219","0.484472","0.493827","4","cuda"
"1779290897746","SBER","vanilla","quotes_macro_fund_sent","15","1","64","1","0.1","0.001","64","19","0.013339","0.071637","0.107845","0.020252","0.090218","0.108338","0.665797","3.575702","5.382976","0.554745","0.484472","0.493827","5","cuda"
"1779290906250","SBER","vanilla","quotes","30","1","64","1","0.1","0.001","64","23","0.013185","0.010629","0.011258","0.020022","0.014871","0.01325","0.656145","0.528967","0.56023","0.524631","0.479167","0.493056","5","cuda"
"1779290914825","SBER","vanilla","quotes_macro","30","1","64","1","0.1","0.001","64","20","0.013225","0.010037","0.007636","0.019961","0.014268","0.009286","0.658144","0.499494","0.379994","0.550493","0.472222","0.527778","5","cuda"
"1779290923093","SBER","vanilla","quotes_macro_fund","30","1","64","1","0.1","0.001","64","50","0.012441","0.03361","0.049162","0.01826","0.03876","0.049737","0.619103","1.67256","2.44651","0.613301","0.479167","0.493056","4","cuda"
"1779290930045","SBER","vanilla","quotes_macro_fund_sent","30","1","64","1","0.1","0.001","64","31","0.013373","0.081487","0.108325","0.019669","0.097828","0.108587","0.665497","4.05515","5.390708","0.568965","0.472222","0.493056","4","cuda"
"1779290936932","SBER","vanilla","quotes","60","1","64","1","0.1","0.001","64","44","0.013617","0.009249","0.007737","0.020029","0.012623","0.009308","0.668212","0.453846","0.379681","0.546144","0.504587","0.509091","4","cuda"
"1779290943968","SBER","vanilla","quotes_macro","60","1","64","1","0.1","0.001","64","34","0.012811","0.009285","0.00864","0.019105","0.012738","0.010247","0.628663","0.45562","0.423987","0.589128","0.522936","0.481818","4","cuda"
"1779290950675","SBER","vanilla","quotes_macro_fund","60","1","64","1","0.1","0.001","64","50","0.012785","0.026973","0.037682","0.018929","0.02969","0.038145","0.62739","1.323576","1.849063","0.585335","0.477064","0.481818","4","cuda"
"1779290957738","SBER","vanilla","quotes_macro_fund_sent","60","1","64","1","0.1","0.001","64","50","0.012368","0.092924","0.092489","0.018463","0.097837","0.092679","0.606885","4.559834","4.538473","0.611884","0.477064","0.481818","4","cuda"
"1779290965082","SBER","vanilla","quotes","90","1","64","1","0.1","0.001","64","48","0.012868","0.007993","0.006612","0.020011","0.011067","0.008094","0.634889","0.394357","0.326224","0.557143","0.493333","0.52","4","cuda"
"1779290971707","SBER","vanilla","quotes_macro","90","1","64","1","0.1","0.001","64","15","0.014041","0.008693","0.00803","0.021181","0.012164","0.00958","0.692718","0.428871","0.396168","0.542857","0.466667","0.466667","3","cuda"
"1779290977579","SBER","vanilla","quotes_macro_fund","90","1","64","1","0.1","0.001","64","50","0.0133","0.037566","0.050703","0.019347","0.038739","0.051019","0.656202","1.85338","2.501522","0.576623","0.493333","0.506667","4","cuda"
"1779290985024","SBER","vanilla","quotes_macro_fund_sent","90","1","64","1","0.1","0.001","64","41","0.013798","0.11291","0.090302","0.020945","0.114038","0.09048","0.680752","5.570645","4.455224","0.583117","0.493333","0.506667","4","cuda"
"1779290992227","VTBR","vanilla","quotes","15","1","64","1","0.1","0.001","64","26","0.015375","0.025235","0.018798","0.021977","0.041429","0.024652","0.70428","1.155949","0.861103","0.542857","0.544304","0.512658","3","cuda"
"1779290998083","VTBR","vanilla","quotes_macro","15","1","64","1","0.1","0.001","64","12","0.018229","0.031146","0.020115","0.025246","0.044524","0.029021","0.835015","1.426729","0.921388","0.501863","0.56962","0.537975","3","cuda"
"1779291003873","VTBR","vanilla","quotes_macro_fund","15","1","64","1","0.1","0.001","64","50","0.014279","0.076666","0.107297","0.020866","0.090156","0.10846","0.654057","3.511846","4.914953","0.578882","0.575949","0.487342","4","cuda"
"1779291010950","VTBR","vanilla","quotes_macro_fund_sent","15","1","64","1","0.1","0.001","64","50","0.014122","0.066787","0.094244","0.020635","0.079535","0.095565","0.646892","3.059296","4.31702","0.565217","0.56962","0.487342","4","cuda"
"1779291018129","VTBR","vanilla","quotes","30","1","64","1","0.1","0.001","64","26","0.015026","0.023992","0.017532","0.021902","0.040914","0.023799","0.681739","1.088526","0.795466","0.52327","0.535714","0.503546","3","cuda"
"1779291024125","VTBR","vanilla","quotes_macro","30","1","64","1","0.1","0.001","64","11","0.022561","0.034112","0.022694","0.030751","0.048075","0.033482","1.023609","1.547677","1.029635","0.519497","0.45","0.51773","3","cuda"
"1779291029959","VTBR","vanilla","quotes_macro_fund","30","1","64","1","0.1","0.001","64","50","0.014263","0.079895","0.095496","0.020896","0.090494","0.096647","0.647124","3.624933","4.332754","0.561006","0.571429","0.482269","4","cuda"
"1779291037142","VTBR","vanilla","quotes_macro_fund_sent","30","1","64","1","0.1","0.001","64","50","0.014441","0.082426","0.108151","0.02116","0.094382","0.109169","0.655183","3.739726","4.906931","0.56478","0.592857","0.482269","4","cuda"
"1779291044525","VTBR","vanilla","quotes","60","1","64","1","0.1","0.001","64","25","0.015236","0.023976","0.01873","0.022443","0.0446","0.025274","0.682406","1.073844","0.83891","0.53876","0.59434","0.490566","3","cuda"
"1779291050605","VTBR","vanilla","quotes_macro","60","1","64","1","0.1","0.001","64","40","0.014782","0.021758","0.017448","0.021699","0.035356","0.022908","0.662086","0.974534","0.78148","0.542636","0.556604","0.471698","4","cuda"
"1779291057071","VTBR","vanilla","quotes_macro_fund","60","1","64","1","0.1","0.001","64","12","0.018206","0.149495","0.18756","0.025681","0.153931","0.188209","0.815442","6.695761","8.400638","0.515504","0.613208","0.490566","3","cuda"
"1779291063263","VTBR","vanilla","quotes_macro_fund_sent","60","1","64","1","0.1","0.001","64","50","0.014609","0.08642","0.088364","0.021413","0.090529","0.089734","0.654303","3.870677","3.95777","0.565891","0.613208","0.490566","5","cuda"
"1779291071392","VTBR","vanilla","quotes","90","1","64","1","0.1","0.001","64","30","0.015217","0.021782","0.020188","0.022335","0.046501","0.026081","0.679559","0.972725","0.901533","0.527224","0.619718","0.472222","3","cuda"
"1779291077784","VTBR","vanilla","quotes_macro","90","1","64","1","0.1","0.001","64","11","0.023273","0.030441","0.025943","0.031854","0.049575","0.038407","1.039331","1.35944","1.158571","0.532537","0.549296","0.5","4","cuda"
"1779291084400","VTBR","vanilla","quotes_macro_fund","90","1","64","1","0.1","0.001","64","12","0.02026","0.144512","0.193186","0.027919","0.147656","0.193778","0.904776","6.453601","8.627271","0.492696","0.633803","0.5","3","cuda"
"1779291091013","VTBR","vanilla","quotes_macro_fund_sent","90","1","64","1","0.1","0.001","64","50","0.014642","0.08465","0.083478","0.021275","0.086974","0.084839","0.653876","3.780275","3.727951","0.565737","0.633803","0.5","5","cuda"
"1779291099536","GAZP","vanilla","quotes","15","1","64","1","0.1","0.001","64","27","0.014336","0.018027","0.011958","0.025305","0.024409","0.016303","0.679761","0.854766","0.566972","0.515815","0.559006","0.549383","3","cuda"
"1779291106147","GAZP","vanilla","quotes_macro","15","1","64","1","0.1","0.001","64","32","0.013993","0.018324","0.011811","0.024413","0.024685","0.015699","0.663482","0.868853","0.560017","0.542579","0.534162","0.54321","4","cuda"
"1779291112750","GAZP","vanilla","quotes_macro_fund","15","1","64","1","0.1","0.001","64","20","0.015597","0.023385","0.014504","0.026075","0.030886","0.017614","0.739516","1.108817","0.68771","0.49635","0.465839","0.45679","4","cuda"
"1779291119457","GAZP","vanilla","quotes_macro_fund_sent","15","1","64","1","0.1","0.001","64","50","0.013829","0.045992","0.064701","0.023614","0.054758","0.066481","0.655709","2.180714","3.067813","0.574209","0.534162","0.54321","5","cuda"
"1779291127452","GAZP","vanilla","quotes","30","1","64","1","0.1","0.001","64","29","0.014478","0.017705","0.010818","0.0254","0.023561","0.013436","0.682291","0.834384","0.509784","0.512315","0.590278","0.493056","3","cuda"
"1779291133724","GAZP","vanilla","quotes_macro","30","1","64","1","0.1","0.001","64","26","0.014617","0.018186","0.011007","0.025051","0.02374","0.0136","0.688822","0.857009","0.518729","0.503695","0.458333","0.5","4","cuda"
"1779291140515","GAZP","vanilla","quotes_macro_fund","30","1","64","1","0.1","0.001","64","19","0.014825","0.023621","0.012864","0.0258","0.031684","0.015028","0.698627","1.11314","0.606245","0.546798","0.465278","0.458333","3","cuda"
"1779291147226","GAZP","vanilla","quotes_macro_fund_sent","30","1","64","1","0.1","0.001","64","33","0.013984","0.068148","0.097875","0.024564","0.079613","0.098759","0.659027","3.211515","4.612437","0.550493","0.534722","0.541667","4","cuda"
"1779291154082","GAZP","vanilla","quotes","60","1","64","1","0.1","0.001","64","20","0.014919","0.016177","0.010327","0.026288","0.020891","0.013317","0.686821","0.744721","0.475419","0.500632","0.577982","0.518182","3","cuda"
"1779291159832","GAZP","vanilla","quotes_macro","60","1","64","1","0.1","0.001","64","26","0.014482","0.016499","0.010293","0.025304","0.021222","0.013096","0.666715","0.75957","0.473857","0.522124","0.522936","0.509091","3","cuda"
"1779291166008","GAZP","vanilla","quotes_macro_fund","60","1","64","1","0.1","0.001","64","12","0.023519","0.025372","0.010248","0.033279","0.033193","0.012658","1.082745","1.168058","0.471799","0.508217","0.504587","0.454545","3","cuda"
"1779291172117","GAZP","vanilla","quotes_macro_fund_sent","60","1","64","1","0.1","0.001","64","19","0.015028","0.090632","0.113612","0.026085","0.096993","0.114298","0.691835","4.172402","5.230331","0.552465","0.541284","0.545455","3","cuda"
"1779291178541","GAZP","vanilla","quotes","90","1","64","1","0.1","0.001","64","38","0.014777","0.013863","0.00952","0.025867","0.018389","0.012546","0.673944","0.632264","0.43419","0.519481","0.6","0.546667","3","cuda"
"1779291184806","GAZP","vanilla","quotes_macro","90","1","64","1","0.1","0.001","64","19","0.015305","0.014463","0.010052","0.026652","0.018707","0.012917","0.69804","0.659606","0.458432","0.525974","0.506667","0.573333","3","cuda"
"1779291190864","GAZP","vanilla","quotes_macro_fund","90","1","64","1","0.1","0.001","64","19","0.016781","0.017333","0.027579","0.027757","0.023087","0.03003","0.765336","0.790537","1.257827","0.515584","0.493333","0.453333","3","cuda"
"1779291197076","GAZP","vanilla","quotes_macro_fund_sent","90","1","64","1","0.1","0.001","64","20","0.015926","0.093283","0.111691","0.02695","0.095165","0.112334","0.726359","4.254444","5.093995","0.542857","0.546667","0.546667","4","cuda"
"1779291203584","LKOH","vanilla","quotes","15","1","64","1","0.1","0.001","64","40","0.01219","0.011207","0.014571","0.01755","0.015505","0.020626","0.700103","0.643608","0.836846","0.552311","0.565217","0.45679","3","cuda"
"1779291209940","LKOH","vanilla","quotes_macro","15","1","64","1","0.1","0.001","64","24","0.012109","0.011087","0.01503","0.017347","0.015008","0.021157","0.695456","0.636748","0.863208","0.547445","0.583851","0.425926","3","cuda"
"1779291215996","LKOH","vanilla","quotes_macro_fund","15","1","64","1","0.1","0.001","64","42","0.011645","0.016086","0.026111","0.016725","0.021616","0.033343","0.668783","0.923846","1.499573","0.551095","0.440994","0.438272","4","cuda"
"1779291223413","LKOH","vanilla","quotes_macro_fund_sent","15","1","64","1","0.1","0.001","64","50","0.011834","0.095542","0.124238","0.016729","0.116799","0.131829","0.67965","5.487121","7.135176","0.547445","0.52795","0.537037","4","cuda"
"1779291230941","LKOH","vanilla","quotes","30","1","64","1","0.1","0.001","64","32","0.012405","0.011256","0.014455","0.017783","0.015209","0.020463","0.707268","0.641759","0.82417","0.530788","0.576389","0.444444","3","cuda"
"1779291237057","LKOH","vanilla","quotes_macro","30","1","64","1","0.1","0.001","64","26","0.011919","0.010904","0.013772","0.017213","0.014835","0.01984","0.679566","0.621724","0.785239","0.559113","0.583333","0.5625","5","cuda"
"1779291245678","LKOH","vanilla","quotes_macro_fund","30","1","64","1","0.1","0.001","64","22","0.01228","0.022697","0.035639","0.017656","0.029579","0.044216","0.700162","1.294096","2.031968","0.524631","0.458333","0.465278","3","cuda"
"1779291252370","LKOH","vanilla","quotes_macro_fund_sent","30","1","64","1","0.1","0.001","64","50","0.011555","0.107337","0.138459","0.016577","0.121359","0.147454","0.658792","6.119874","7.894339","0.580049","0.541667","0.520833","5","cuda"
"1779291260648","LKOH","vanilla","quotes","60","1","64","1","0.1","0.001","64","29","0.012557","0.010505","0.011121","0.018145","0.014329","0.016308","0.712316","0.595917","0.630864","0.517067","0.614679","0.454545","3","cuda"
"1779291266606","LKOH","vanilla","quotes_macro","60","1","64","1","0.1","0.001","64","21","0.012247","0.010492","0.011647","0.01788","0.013978","0.016713","0.694753","0.595177","0.660718","0.519595","0.59633","0.481818","3","cuda"
"1779291272714","LKOH","vanilla","quotes_macro_fund","60","1","64","1","0.1","0.001","64","20","0.012672","0.022478","0.041713","0.018058","0.030211","0.04883","0.718831","1.275097","2.366215","0.554994","0.53211","0.427273","3","cuda"
"1779291279199","LKOH","vanilla","quotes_macro_fund_sent","60","1","64","1","0.1","0.001","64","50","0.011674","0.144548","0.176253","0.016774","0.148593","0.18324","0.662205","8.199717","9.998255","0.599241","0.504587","0.509091","4","cuda"
"1779291286729","LKOH","vanilla","quotes","90","1","64","1","0.1","0.001","64","18","0.013747","0.009231","0.011824","0.019264","0.012749","0.01538","0.773601","0.519466","0.665392","0.538961","0.613333","0.4","3","cuda"
"1779291293225","LKOH","vanilla","quotes_macro","90","1","64","1","0.1","0.001","64","44","0.012254","0.009858","0.011424","0.017537","0.013091","0.015307","0.689563","0.554751","0.642881","0.571429","0.546667","0.426667","4","cuda"
"1779291300530","LKOH","vanilla","quotes_macro_fund","90","1","64","1","0.1","0.001","64","25","0.014539","0.024523","0.040692","0.019601","0.035099","0.048583","0.818173","1.379984","2.289882","0.533766","0.546667","0.426667","4","cuda"
"1779291307430","LKOH","vanilla","quotes_macro_fund_sent","90","1","64","1","0.1","0.001","64","50","0.011845","0.147746","0.17969","0.017052","0.150958","0.185003","0.666567","8.314111","10.11168","0.579221","0.493333","0.546667","5","cuda"
"1779291315350","GMKN","vanilla","quotes","15","1","64","1","0.1","0.001","64","22","0.012691","0.019948","0.016602","0.017538","0.02695","0.021583","0.701552","1.102714","0.917774","0.534162","0.512658","0.537975","4","cuda"
"1779291322223","GMKN","vanilla","quotes_macro","15","1","64","1","0.1","0.001","64","15","0.014037","0.019316","0.016244","0.019005","0.025173","0.020857","0.775944","1.067803","0.897969","0.49441","0.474684","0.518987","3","cuda"
"1779291332229","GMKN","vanilla","quotes_macro_fund","15","1","64","1","0.1","0.001","64","50","0.011955","0.018779","0.025796","0.016615","0.024841","0.036326","0.660874","1.03808","1.426028","0.595031","0.531646","0.563291","8","cuda"
"1779291343811","GMKN","vanilla","quotes_macro_fund_sent","15","1","64","1","0.1","0.001","64","50","0.011837","0.065815","0.091796","0.016597","0.071073","0.104229","0.65436","3.638252","5.074487","0.587578","0.537975","0.544304","5","cuda"
"1779291351706","GMKN","vanilla","quotes","30","1","64","1","0.1","0.001","64","17","0.012866","0.020435","0.014602","0.018007","0.027767","0.01894","0.703972","1.118106","0.798929","0.562264","0.464286","0.524823","3","cuda"
"1779291357603","GMKN","vanilla","quotes_macro","30","1","64","1","0.1","0.001","64","40","0.012241","0.01947","0.016396","0.017032","0.025214","0.0209","0.669763","1.065284","0.89714","0.576101","0.514286","0.531915","4","cuda"
"1779291365791","GMKN","vanilla","quotes_macro_fund","30","1","64","1","0.1","0.001","64","12","0.023288","0.05052","0.062006","0.030352","0.056194","0.071278","1.274229","2.764237","3.392674","0.485535","0.564286","0.496454","3","cuda"
"1779291375742","GMKN","vanilla","quotes_macro_fund_sent","30","1","64","1","0.1","0.001","64","50","0.012299","0.074309","0.107649","0.016975","0.078144","0.119217","0.672967","4.065878","5.890054","0.545912","0.564286","0.546099","6","cuda"
"1779291384777","GMKN","vanilla","quotes","60","1","64","1","0.1","0.001","64","33","0.013577","0.016579","0.01456","0.01852","0.021686","0.01874","0.731094","0.89274","0.784017","0.507752","0.584906","0.462264","4","cuda"
"1779291392002","GMKN","vanilla","quotes_macro","60","1","64","1","0.1","0.001","64","18","0.014809","0.017038","0.016126","0.019938","0.021994","0.02002","0.797406","0.917455","0.868319","0.489664","0.556604","0.443396","3","cuda"
"1779291398590","GMKN","vanilla","quotes_macro_fund","60","1","64","1","0.1","0.001","64","50","0.0128","0.016532","0.062868","0.017561","0.021729","0.072621","0.689223","0.890206","3.385277","0.520672","0.509434","0.518868","4","cuda"
"1779291405831","GMKN","vanilla","quotes_macro_fund_sent","60","1","64","1","0.1","0.001","64","50","0.012383","0.053646","0.108334","0.017354","0.058038","0.120722","0.666808","2.88866","5.833483","0.582687","0.518868","0.566038","7","cuda"
"1779291416821","GMKN","vanilla","quotes","90","1","64","1","0.1","0.001","64","13","0.015887","0.016398","0.016903","0.021569","0.021676","0.021543","0.855289","0.882786","0.909975","0.513944","0.591549","0.5","6","cuda"
"1779291426241","GMKN","vanilla","quotes_macro","90","1","64","1","0.1","0.001","64","23","0.012995","0.016658","0.014232","0.018066","0.021616","0.017956","0.699602","0.896791","0.766206","0.527224","0.521127","0.583333","4","cuda"
"1779291435334","GMKN","vanilla","quotes_macro_fund","90","1","64","1","0.1","0.001","64","13","0.016437","0.030389","0.081552","0.022518","0.036664","0.083994","0.884915","1.636019","4.390419","0.525896","0.478873","0.458333","5","cuda"
"1779291444061","GMKN","vanilla","quotes_macro_fund_sent","90","1","64","1","0.1","0.001","64","50","0.012198","0.090105","0.136331","0.017032","0.092625","0.139016","0.656663","4.850896","7.339514","0.592297","0.478873","0.569444","5","cuda"
"1779291452035","SBER","stacked","quotes","15","1","128","2","0.1","0.001","64","14","0.013015","0.0099","0.006895","0.020523","0.014319","0.010222","0.649623","0.494132","0.344162","0.558394","0.540373","0.58642","3","cuda"
"1779291465197","SBER","stacked","quotes_macro","15","1","128","2","0.1","0.001","64","12","0.014976","0.009994","0.007399","0.022205","0.014428","0.010348","0.747515","0.498852","0.36929","0.547445","0.534162","0.537037","3","cuda"
"1779291476187","SBER","stacked","quotes_macro_fund","15","1","128","2","0.1","0.001","64","19","0.013474","0.010236","0.007649","0.020358","0.01471","0.010722","0.672519","0.510925","0.381788","0.548662","0.540373","0.506173","3","cuda"
"1779291488126","SBER","stacked","quotes_macro_fund_sent","15","1","128","2","0.1","0.001","64","14","0.013372","0.010365","0.010107","0.02048","0.014885","0.013104","0.667426","0.517357","0.504491","0.568126","0.509317","0.493827","3","cuda"
"1779291499773","SBER","stacked","quotes","30","1","128","2","0.1","0.001","64","14","0.013119","0.009617","0.005853","0.020584","0.013736","0.007439","0.652861","0.478562","0.291294","0.54803","0.506944","0.590278","3","cuda"
"1779291510697","SBER","stacked","quotes_macro","30","1","128","2","0.1","0.001","64","11","0.016759","0.009463","0.006176","0.024587","0.013662","0.008224","0.833987","0.470937","0.307343","0.470443","0.541667","0.506944","3","cuda"
"1779291521835","SBER","stacked","quotes_macro_fund","30","1","128","2","0.1","0.001","64","14","0.013569","0.009523","0.005952","0.0208","0.013708","0.00757","0.675233","0.473923","0.296194","0.557882","0.493056","0.493056","3","cuda"
"1779291533173","SBER","stacked","quotes_macro_fund_sent","30","1","128","2","0.1","0.001","64","32","0.012649","0.009617","0.007076","0.019717","0.013812","0.008846","0.629477","0.478565","0.352145","0.566502","0.541667","0.534722","4","cuda"
"1779291545916","SBER","stacked","quotes","60","1","128","2","0.1","0.001","64","14","0.013517","0.008558","0.004834","0.020976","0.012011","0.006054","0.663303","0.419929","0.237206","0.560051","0.513761","0.545455","3","cuda"
"1779291557573","SBER","stacked","quotes_macro","60","1","128","2","0.1","0.001","64","18","0.013975","0.00819","0.00499","0.020912","0.011676","0.006181","0.685769","0.401868","0.244849","0.546144","0.577982","0.545455","3","cuda"
"1779291569213","SBER","stacked","quotes_macro_fund","60","1","128","2","0.1","0.001","64","18","0.013946","0.008738","0.004857","0.021064","0.01257","0.005934","0.684329","0.428754","0.238351","0.546144","0.449541","0.518182","3","cuda"
"1779291582931","SBER","stacked","quotes_macro_fund_sent","60","1","128","2","0.1","0.001","64","12","0.014285","0.008608","0.010351","0.021481","0.012472","0.012505","0.700967","0.422393","0.507937","0.509482","0.559633","0.481818","3","cuda"
"1779291595291","SBER","stacked","quotes","90","1","128","2","0.1","0.001","64","18","0.013128","0.007159","0.004794","0.020909","0.01063","0.005751","0.647686","0.353208","0.236536","0.555844","0.506667","0.48","3","cuda"
"1779291607314","SBER","stacked","quotes_macro","90","1","128","2","0.1","0.001","64","18","0.01345","0.007434","0.004733","0.020805","0.010623","0.005689","0.663571","0.366767","0.233501","0.563636","0.453333","0.56","3","cuda"
"1779291620069","SBER","stacked","quotes_macro_fund","90","1","128","2","0.1","0.001","64","13","0.017988","0.007249","0.004661","0.025847","0.010623","0.005691","0.887474","0.357647","0.229975","0.466234","0.506667","0.493333","4","cuda"
"1779291633811","SBER","stacked","quotes_macro_fund_sent","90","1","128","2","0.1","0.001","64","22","0.013389","0.007274","0.014408","0.020532","0.010742","0.016","0.660571","0.358874","0.710833","0.564935","0.533333","0.506667","4","cuda"
"1779291648848","VTBR","stacked","quotes","15","1","128","2","0.1","0.001","64","22","0.014604","0.019196","0.01467","0.021676","0.032926","0.019521","0.668989","0.879318","0.671989","0.52795","0.56962","0.5","3","cuda"
"1779291661391","VTBR","stacked","quotes_macro","15","1","128","2","0.1","0.001","64","15","0.014912","0.018564","0.012001","0.021779","0.032593","0.016478","0.683088","0.850358","0.549753","0.520497","0.556962","0.5","3","cuda"
"1779291675075","VTBR","stacked","quotes_macro_fund","15","1","128","2","0.1","0.001","64","13","0.0149","0.02064","0.013277","0.021878","0.033775","0.018085","0.682531","0.945461","0.608158","0.49441","0.575949","0.544304","3","cuda"
"1779291687342","VTBR","stacked","quotes_macro_fund_sent","15","1","128","2","0.1","0.001","64","42","0.014849","0.019742","0.012434","0.021331","0.033615","0.017246","0.680191","0.904341","0.569586","0.542857","0.525316","0.487342","5","cuda"
"1779291701732","VTBR","stacked","quotes","30","1","128","2","0.1","0.001","64","13","0.015105","0.017267","0.013003","0.022343","0.03156","0.017976","0.685334","0.783405","0.589972","0.525786","0.65","0.475177","3","cuda"
1779291983534,VTBR,stacked,quotes_macro,30,1,128,2,0.1,0.001,64,18,0.015101,0.017949,0.011754,0.022004,0.031852,0.016026,0.685132,0.814351,0.533297,0.540881,0.528571,0.453901,3,cuda
1779291996048,VTBR,stacked,quotes_macro_fund,30,1,128,2,0.1,0.001,64,13,0.014972,0.028648,0.023929,0.022132,0.038594,0.028285,0.679279,1.299803,1.085705,0.535849,0.578571,0.482269,3,cuda
1779292007722,VTBR,stacked,quotes_macro_fund_sent,30,1,128,2,0.1,0.001,64,42,0.014457,0.020836,0.017868,0.021127,0.033644,0.022233,0.655912,0.945366,0.810672,0.586164,0.592857,0.482269,5,cuda
1779292020632,VTBR,stacked,quotes,60,1,128,2,0.1,0.001,64,20,0.015011,0.015648,0.013885,0.022268,0.031849,0.019019,0.672346,0.700852,0.621892,0.5323,0.641509,0.490566,3,cuda
1779292032564,VTBR,stacked,quotes_macro,60,1,128,2,0.1,0.001,64,21,0.014953,0.015864,0.012226,0.022059,0.031782,0.017117,0.669729,0.710524,0.547591,0.534884,0.528302,0.462264,4,cuda
1779292045197,VTBR,stacked,quotes_macro_fund,60,1,128,2,0.1,0.001,64,11,0.018467,0.023495,0.025983,0.025903,0.036436,0.030385,0.827132,1.052328,1.163737,0.471576,0.622642,0.490566,3,cuda
1779292056544,VTBR,stacked,quotes_macro_fund_sent,60,1,128,2,0.1,0.001,64,36,0.014783,0.016051,0.010957,0.021779,0.032329,0.015944,0.662111,0.718898,0.490743,0.55814,0.584906,0.490566,4,cuda
1779292069608,VTBR,stacked,quotes,90,1,128,2,0.1,0.001,64,18,0.01492,0.015539,0.012984,0.022278,0.034018,0.017063,0.666284,0.693956,0.579828,0.555113,0.633803,0.486111,3,cuda
1779292081620,VTBR,stacked,quotes_macro,90,1,128,2,0.1,0.001,64,18,0.015924,0.015575,0.013433,0.022714,0.033666,0.017442,0.711139,0.695554,0.599886,0.527224,0.676056,0.5,3,cuda
1779292094599,VTBR,stacked,quotes_macro_fund,90,1,128,2,0.1,0.001,64,32,0.014871,0.019924,0.021979,0.021872,0.035792,0.025393,0.664119,0.889771,0.981515,0.563081,0.633803,0.5,4,cuda
1779292107237,VTBR,stacked,quotes_macro_fund_sent,90,1,128,2,0.1,0.001,64,25,0.014817,0.016136,0.016065,0.021974,0.034373,0.020067,0.661702,0.720603,0.717433,0.559097,0.633803,0.5,4,cuda
1779292120302,GAZP,stacked,quotes,15,1,128,2,0.1,0.001,64,16,0.01471,0.017638,0.011822,0.026014,0.024041,0.01544,0.697482,0.836288,0.56056,0.46472,0.521739,0.469136,3,cuda
1779292132276,GAZP,stacked,quotes_macro,15,1,128,2,0.1,0.001,64,22,0.015304,0.017731,0.011581,0.025791,0.024196,0.015383,0.725636,0.840705,0.549126,0.537713,0.559006,0.506173,4,cuda
1779292144950,GAZP,stacked,quotes_macro_fund,15,1,128,2,0.1,0.001,64,24,0.014401,0.021031,0.014074,0.025313,0.027557,0.018842,0.6828,0.997182,0.667309,0.536496,0.559006,0.54321,4,cuda
1779292158838,GAZP,stacked,quotes_macro_fund_sent,15,1,128,2,0.1,0.001,64,36,0.014473,0.020665,0.018732,0.023921,0.027345,0.023321,0.686256,0.979838,0.888176,0.525547,0.52795,0.54321,4,cuda
1779292171958,GAZP,stacked,quotes,30,1,128,2,0.1,0.001,64,13,0.014839,0.01739,0.010523,0.026555,0.023435,0.013316,0.699283,0.819499,0.495926,0.534483,0.555556,0.555556,3,cuda
1779292183603,GAZP,stacked,quotes_macro,30,1,128,2,0.1,0.001,64,22,0.01489,0.017441,0.010939,0.02579,0.0231,0.013465,0.701703,0.821908,0.515498,0.552956,0.534722,0.513889,3,cuda
1779292195582,GAZP,stacked,quotes_macro_fund,30,1,128,2,0.1,0.001,64,12,0.015394,0.024767,0.018121,0.026876,0.030828,0.022007,0.725468,1.167167,0.853987,0.541872,0.555556,0.541667,3,cuda
1779292207396,GAZP,stacked,quotes_macro_fund_sent,30,1,128,2,0.1,0.001,64,29,0.014358,0.020157,0.016743,0.024987,0.025847,0.02078,0.67662,0.949893,0.789012,0.546798,0.520833,0.541667,4,cuda
1779292219568,GAZP,stacked,quotes,60,1,128,2,0.1,0.001,64,14,0.014993,0.016224,0.010037,0.02688,0.021341,0.012647,0.69022,0.746904,0.462064,0.466498,0.559633,0.5,3,cuda
1779292230730,GAZP,stacked,quotes_macro,60,1,128,2,0.1,0.001,64,14,0.01515,0.016179,0.010899,0.02657,0.021002,0.013303,0.697463,0.744853,0.501769,0.525917,0.53211,0.490909,3,cuda
1779292242166,GAZP,stacked,quotes_macro_fund,60,1,128,2,0.1,0.001,64,13,0.015067,0.018575,0.010123,0.026794,0.023745,0.013041,0.693631,0.855155,0.466046,0.477876,0.559633,0.545455,3,cuda
1779292253667,GAZP,stacked,quotes_macro_fund_sent,60,1,128,2,0.1,0.001,64,34,0.014454,0.01633,0.010435,0.025251,0.021324,0.013565,0.665423,0.751779,0.48039,0.525917,0.559633,0.545455,4,cuda
1779292266043,GAZP,stacked,quotes,90,1,128,2,0.1,0.001,64,41,0.014789,0.013732,0.009274,0.026205,0.017883,0.012279,0.674491,0.626293,0.422962,0.537662,0.573333,0.56,4,cuda
1779292277971,GAZP,stacked,quotes_macro,90,1,128,2,0.1,0.001,64,17,0.014846,0.013701,0.009788,0.026674,0.017899,0.012777,0.677102,0.624889,0.44642,0.533766,0.533333,0.506667,3,cuda
1779292290118,GAZP,stacked,quotes_macro_fund,90,1,128,2,0.1,0.001,64,27,0.016046,0.018328,0.010246,0.027123,0.023869,0.01357,0.731809,0.835897,0.467314,0.485714,0.546667,0.546667,4,cuda
1779292303296,GAZP,stacked,quotes_macro_fund_sent,90,1,128,2,0.1,0.001,64,29,0.016578,0.013779,0.010647,0.027183,0.018385,0.014152,0.756076,0.628439,0.485581,0.501299,0.546667,0.546667,4,cuda
1779292316117,LKOH,stacked,quotes,15,1,128,2,0.1,0.001,64,13,0.012463,0.01131,0.013677,0.018447,0.015509,0.019797,0.715754,0.649574,0.785512,0.504866,0.559006,0.561728,3,cuda
1779292327486,LKOH,stacked,quotes_macro,15,1,128,2,0.1,0.001,64,17,0.012246,0.011105,0.013692,0.017926,0.015237,0.019525,0.703294,0.637803,0.786368,0.53528,0.546584,0.54321,3,cuda
1779292339562,LKOH,stacked,quotes_macro_fund,15,1,128,2,0.1,0.001,64,20,0.013048,0.015998,0.017494,0.018588,0.020479,0.023005,0.749356,0.918806,1.004703,0.555961,0.503106,0.469136,3,cuda
1779292351656,LKOH,stacked,quotes_macro_fund_sent,15,1,128,2,0.1,0.001,64,14,0.012309,0.021161,0.023069,0.018103,0.026104,0.027568,0.706897,1.215326,1.324899,0.524331,0.571429,0.561728,3,cuda
1779292363612,LKOH,stacked,quotes,30,1,128,2,0.1,0.001,64,14,0.012655,0.011306,0.013689,0.018466,0.015124,0.019591,0.721518,0.644625,0.780468,0.527094,0.5,0.458333,3,cuda
1779292375034,LKOH,stacked,quotes_macro,30,1,128,2,0.1,0.001,64,12,0.012787,0.011174,0.013952,0.018676,0.015166,0.020027,0.729086,0.637086,0.795504,0.517241,0.5625,0.479167,3,cuda
1779292386512,LKOH,stacked,quotes_macro_fund,30,1,128,2,0.1,0.001,64,20,0.012274,0.01475,0.016344,0.017885,0.018999,0.022009,0.699836,0.840994,0.931855,0.546798,0.583333,0.527778,3,cuda
1779292398336,LKOH,stacked,quotes_macro_fund_sent,30,1,128,2,0.1,0.001,64,33,0.011847,0.018751,0.019596,0.01712,0.022753,0.024637,0.675493,1.069105,1.117305,0.580049,0.576389,0.555556,4,cuda
1779292411148,LKOH,stacked,quotes,60,1,128,2,0.1,0.001,64,32,0.012669,0.010846,0.011118,0.018247,0.014621,0.016345,0.718687,0.615229,0.630689,0.523388,0.522936,0.445455,3,cuda
1779292423198,LKOH,stacked,quotes_macro,60,1,128,2,0.1,0.001,64,18,0.013077,0.010738,0.012064,0.01874,0.014323,0.017072,0.741802,0.609152,0.684364,0.53603,0.568807,0.4,3,cuda
1779292434667,LKOH,stacked,quotes_macro_fund,60,1,128,2,0.1,0.001,64,20,0.012426,0.016492,0.014739,0.018128,0.020492,0.020106,0.704899,0.93551,0.836086,0.52086,0.53211,0.563636,4,cuda
1779292446829,LKOH,stacked,quotes_macro_fund_sent,60,1,128,2,0.1,0.001,64,41,0.012215,0.013935,0.011838,0.017389,0.017926,0.017267,0.692901,0.790501,0.671506,0.573957,0.559633,0.572727,4,cuda
1779292490043,LKOH,stacked,quotes,90,1,128,2,0.1,0.001,64,15,0.013392,0.009577,0.011147,0.019158,0.01269,0.015035,0.75361,0.538906,0.62729,0.518182,0.533333,0.346667,3,cuda
1779292501229,LKOH,stacked,quotes_macro,90,1,128,2,0.1,0.001,64,20,0.012971,0.009551,0.011486,0.018565,0.012875,0.015256,0.729906,0.537466,0.646337,0.531169,0.573333,0.373333,3,cuda
1779292512754,LKOH,stacked,quotes_macro_fund,90,1,128,2,0.1,0.001,64,27,0.012372,0.012568,0.011883,0.018085,0.016394,0.016531,0.696184,0.707217,0.668713,0.567532,0.533333,0.466667,4,cuda
1779292524857,LKOH,stacked,quotes_macro_fund_sent,90,1,128,2,0.1,0.001,64,26,0.012619,0.015731,0.012517,0.018315,0.019171,0.017398,0.710115,0.885238,0.704396,0.544156,0.493333,0.573333,4,cuda
1779292537175,GMKN,stacked,quotes,15,1,128,2,0.1,0.001,64,15,0.01256,0.018382,0.015355,0.017879,0.024155,0.020314,0.694323,1.016148,0.848839,0.51677,0.550633,0.506329,3,cuda
1779292548381,GMKN,stacked,quotes_macro,15,1,128,2,0.1,0.001,64,12,0.013741,0.018898,0.01545,0.019083,0.02411,0.020116,0.759619,1.044683,0.854056,0.510559,0.5,0.5,3,cuda
1779292559854,GMKN,stacked,quotes_macro_fund,15,1,128,2,0.1,0.001,64,13,0.012987,0.049274,0.045469,0.01825,0.055602,0.050318,0.717917,2.723883,2.513552,0.520497,0.537975,0.493671,3,cuda
1779292571266,GMKN,stacked,quotes_macro_fund_sent,15,1,128,2,0.1,0.001,64,19,0.012705,0.039865,0.039154,0.017955,0.046622,0.044721,0.70236,2.203746,2.164424,0.542857,0.544304,0.493671,4,cuda
1779292583032,GMKN,stacked,quotes,30,1,128,2,0.1,0.001,64,11,0.017451,0.018158,0.01457,0.022022,0.023605,0.018551,0.954851,0.993501,0.797188,0.451572,0.542857,0.503546,3,cuda
1779292593888,GMKN,stacked,quotes_macro,30,1,128,2,0.1,0.001,64,13,0.013883,0.018023,0.014411,0.019104,0.02357,0.018658,0.759639,0.986158,0.788501,0.52956,0.571429,0.510638,3,cuda
1779292612712,GMKN,stacked,quotes_macro_fund,30,1,128,2,0.1,0.001,64,16,0.012785,0.030739,0.028443,0.017967,0.037518,0.033002,0.699544,1.681896,1.55627,0.539623,0.564286,0.503546,3,cuda
1779292623989,GMKN,stacked,quotes_macro_fund_sent,30,1,128,2,0.1,0.001,64,14,0.013489,0.032863,0.040784,0.019121,0.039669,0.046651,0.738078,1.798122,2.231507,0.533333,0.564286,0.489362,3,cuda
1779292635581,GMKN,stacked,quotes,60,1,128,2,0.1,0.001,64,14,0.012872,0.016515,0.013787,0.018273,0.021768,0.018292,0.693125,0.889261,0.742393,0.550388,0.509434,0.537736,3,cuda
1779292646656,GMKN,stacked,quotes_macro,60,1,128,2,0.1,0.001,64,20,0.012818,0.016582,0.01382,0.018081,0.022018,0.01788,0.690191,0.892874,0.744187,0.536176,0.566038,0.575472,3,cuda
1779292658129,GMKN,stacked,quotes_macro_fund,60,1,128,2,0.1,0.001,64,33,0.012651,0.021292,0.021157,0.017752,0.026993,0.025029,0.681215,1.146537,1.13926,0.547804,0.518868,0.518868,4,cuda
1779292670594,GMKN,stacked,quotes_macro_fund_sent,60,1,128,2,0.1,0.001,64,16,0.012967,0.022253,0.040755,0.018471,0.027988,0.044824,0.698246,1.198238,2.194526,0.534884,0.518868,0.490566,4,cuda
1779292683182,GMKN,stacked,quotes,90,1,128,2,0.1,0.001,64,29,0.012998,0.015744,0.01428,0.018106,0.021125,0.017944,0.699785,0.847569,0.7688,0.549801,0.619718,0.430556,3,cuda
1779292695028,GMKN,stacked,quotes_macro,90,1,128,2,0.1,0.001,64,24,0.012947,0.016058,0.014482,0.018087,0.021317,0.017821,0.697032,0.864522,0.779632,0.5166,0.56338,0.333333,3,cuda
1779292707030,GMKN,stacked,quotes_macro_fund,90,1,128,2,0.1,0.001,64,46,0.0126,0.01804,0.015194,0.017331,0.023297,0.018781,0.678308,0.971182,0.818004,0.548473,0.478873,0.555556,4,cuda
1779292720187,GMKN,stacked,quotes_macro_fund_sent,90,1,128,2,0.1,0.001,64,25,0.013137,0.034393,0.04938,0.018528,0.040296,0.052394,0.707241,1.851592,2.65843,0.517928,0.478873,0.555556,4,cuda
1779292732868,SBER,attention,quotes,15,1,64,1,0.1,0.001,64,32,0.013473,0.009849,0.007956,0.020722,0.014347,0.011626,0.672497,0.49162,0.397128,0.538929,0.534162,0.493827,3,cuda
1779292739054,SBER,attention,quotes_macro,15,1,64,1,0.1,0.001,64,32,0.013351,0.010008,0.007215,0.020515,0.014449,0.010294,0.666419,0.49955,0.360123,0.558394,0.515528,0.54321,4,cuda
1779292745642,SBER,attention,quotes_macro_fund,15,1,64,1,0.1,0.001,64,50,0.013812,0.152521,0.28322,0.020883,0.201712,0.283408,0.689434,7.612901,14.136616,0.537713,0.496894,0.493827,4,cuda
1779292753049,SBER,attention,quotes_macro_fund_sent,15,1,64,1,0.1,0.001,64,28,0.013667,0.017951,0.02277,0.020885,0.021349,0.024703,0.682184,0.896023,1.136535,0.532847,0.496894,0.493827,4,cuda
1779292759757,SBER,attention,quotes,30,1,64,1,0.1,0.001,64,15,0.014507,0.009591,0.006446,0.021878,0.013791,0.008286,0.721931,0.477274,0.320766,0.504926,0.486111,0.527778,3,cuda
1779292765474,SBER,attention,quotes_macro,30,1,64,1,0.1,0.001,64,38,0.013952,0.009459,0.006098,0.021196,0.013754,0.007659,0.694297,0.470719,0.303475,0.54064,0.541667,0.513889,4,cuda
1779292772242,SBER,attention,quotes_macro_fund,30,1,64,1,0.1,0.001,64,50,0.013263,0.177233,0.3101,0.02039,0.225242,0.310192,0.660037,8.819852,15.431845,0.557882,0.479167,0.493056,4,cuda
1779292779442,SBER,attention,quotes_macro_fund_sent,30,1,64,1,0.1,0.001,64,19,0.013701,0.018141,0.017193,0.021126,0.022082,0.018729,0.681841,0.902765,0.85559,0.533251,0.479167,0.493056,4,cuda
1779292785916,SBER,attention,quotes,60,1,64,1,0.1,0.001,64,21,0.013662,0.008544,0.004957,0.02125,0.012033,0.005951,0.670378,0.419233,0.243256,0.539823,0.513761,0.472727,3,cuda
1779292791916,SBER,attention,quotes_macro,60,1,64,1,0.1,0.001,64,43,0.013732,0.00862,0.007302,0.021294,0.012111,0.008686,0.67384,0.423005,0.358299,0.522124,0.541284,0.518182,4,cuda
1779292798738,SBER,attention,quotes_macro_fund,60,1,64,1,0.1,0.001,64,50,0.013383,0.204345,0.303287,0.02082,0.232244,0.303345,0.656725,10.027299,14.882429,0.556258,0.477064,0.481818,5,cuda
1779292806135,SBER,attention,quotes_macro_fund_sent,60,1,64,1,0.1,0.001,64,24,0.013567,0.022987,0.024269,0.021279,0.025376,0.024982,0.66574,1.127991,1.190867,0.515803,0.477064,0.481818,4,cuda
1779292812983,SBER,attention,quotes,90,1,64,1,0.1,0.001,64,37,0.013627,0.007038,0.010027,0.021715,0.010607,0.011489,0.6723,0.347212,0.494711,0.514286,0.56,0.506667,3,cuda
1779292819487,SBER,attention,quotes_macro,90,1,64,1,0.1,0.001,64,43,0.013715,0.007162,0.004862,0.021229,0.010535,0.006245,0.676651,0.353373,0.239863,0.549351,0.573333,0.573333,4,cuda
1779292826381,SBER,attention,quotes_macro_fund,90,1,64,1,0.1,0.001,64,50,0.013089,0.249471,0.334212,0.020902,0.261506,0.33426,0.645779,12.308137,16.489002,0.572727,0.493333,0.506667,5,cuda
1779292833936,SBER,attention,quotes_macro_fund_sent,90,1,64,1,0.1,0.001,64,27,0.013962,0.018007,0.008288,0.021435,0.02026,0.009908,0.688833,0.888415,0.408913,0.520779,0.493333,0.506667,4,cuda
1779292840811,VTBR,attention,quotes,15,1,64,1,0.1,0.001,64,50,0.014692,0.019968,0.020445,0.021728,0.033457,0.025377,0.673,0.914692,0.936533,0.526708,0.550633,0.487342,4,cuda
1779292847595,VTBR,attention,quotes_macro,15,1,64,1,0.1,0.001,64,48,0.01456,0.021161,0.01462,0.021324,0.033369,0.020338,0.666938,0.969331,0.669703,0.541615,0.563291,0.506329,4,cuda
1779292854808,VTBR,attention,quotes_macro_fund,15,1,64,1,0.1,0.001,64,50,0.014711,0.147027,0.248604,0.021535,0.182783,0.249108,0.673873,6.73488,11.38781,0.570186,0.563291,0.487342,4,cuda
1779292862157,VTBR,attention,quotes_macro_fund_sent,15,1,64,1,0.1,0.001,64,41,0.014748,0.030317,0.029364,0.021549,0.040708,0.033002,0.675574,1.38872,1.34507,0.549068,0.544304,0.487342,4,cuda
1779292869428,VTBR,attention,quotes,30,1,64,1,0.1,0.001,64,11,0.015817,0.030367,0.021953,0.023138,0.043204,0.027496,0.717652,1.37776,0.996018,0.516981,0.435714,0.482269,3,cuda
1779292874985,VTBR,attention,quotes_macro,30,1,64,1,0.1,0.001,64,34,0.01487,0.021821,0.016343,0.021674,0.032616,0.021267,0.674659,0.990049,0.741508,0.543396,0.485714,0.496454,4,cuda
1779292881534,VTBR,attention,quotes_macro_fund,30,1,64,1,0.1,0.001,64,50,0.015114,0.164102,0.269315,0.022,0.198723,0.269725,0.685727,7.445489,12.219072,0.537107,0.55,0.482269,4,cuda
1779292888784,VTBR,attention,quotes_macro_fund_sent,30,1,64,1,0.1,0.001,64,35,0.014948,0.037455,0.035986,0.021814,0.047453,0.038899,0.678184,1.699364,1.632733,0.544654,0.55,0.482269,4,cuda
1779292895967,VTBR,attention,quotes,60,1,64,1,0.1,0.001,64,11,0.017013,0.022997,0.033102,0.024992,0.035461,0.037377,0.761995,1.030026,1.482618,0.511628,0.481132,0.490566,3,cuda
1779292901871,VTBR,attention,quotes_macro,60,1,64,1,0.1,0.001,64,13,0.015896,0.019029,0.022524,0.022892,0.03262,0.027434,0.711965,0.852289,1.008842,0.48708,0.509434,0.528302,3,cuda
1779292907724,VTBR,attention,quotes_macro_fund,60,1,64,1,0.1,0.001,64,50,0.015189,0.185973,0.283658,0.022276,0.212243,0.284087,0.680281,8.329568,12.704792,0.524548,0.613208,0.490566,5,cuda
1779292915269,VTBR,attention,quotes_macro_fund_sent,60,1,64,1,0.1,0.001,64,50,0.015509,0.032402,0.029932,0.022495,0.042736,0.033607,0.694616,1.451274,1.340643,0.489664,0.632075,0.490566,5,cuda
1779292923019,VTBR,attention,quotes,90,1,64,1,0.1,0.001,64,11,0.016251,0.030008,0.021969,0.02332,0.042761,0.026207,0.725724,1.340085,0.981107,0.508632,0.366197,0.5,3,cuda
1779292928627,VTBR,attention,quotes_macro,90,1,64,1,0.1,0.001,64,12,0.019389,0.017825,0.020278,0.026356,0.034459,0.024897,0.865882,0.796021,0.905566,0.50332,0.633803,0.513889,3,cuda
1779292935246,VTBR,attention,quotes_macro_fund,90,1,64,1,0.1,0.001,64,50,0.01587,0.222797,0.30062,0.023066,0.231802,0.301001,0.708708,9.949665,13.425071,0.531209,0.633803,0.5,5,cuda
1779292943288,VTBR,attention,quotes_macro_fund_sent,90,1,64,1,0.1,0.001,64,45,0.016012,0.057521,0.026084,0.023232,0.066259,0.029812,0.715055,2.568787,1.16487,0.524568,0.633803,0.5,5,cuda
1779292951587,GAZP,attention,quotes,15,1,64,1,0.1,0.001,64,20,0.014417,0.01803,0.011583,0.025974,0.024713,0.015409,0.683572,0.854883,0.549218,0.507299,0.52795,0.506173,3,cuda
1779292957817,GAZP,attention,quotes_macro,15,1,64,1,0.1,0.001,64,42,0.014714,0.018653,0.011834,0.02551,0.025486,0.015644,0.697687,0.884416,0.561118,0.530414,0.465839,0.524691,4,cuda
1779292965043,GAZP,attention,quotes_macro_fund,15,1,64,1,0.1,0.001,64,50,0.014382,0.125892,0.224715,0.02509,0.163034,0.225234,0.681928,5.969139,10.654832,0.546229,0.552795,0.54321,4,cuda
1779292972854,GAZP,attention,quotes_macro_fund_sent,15,1,64,1,0.1,0.001,64,50,0.014917,0.021402,0.011621,0.025672,0.028701,0.015298,0.707307,1.014772,0.550992,0.532847,0.496894,0.45679,4,cuda
1779292980280,GAZP,attention,quotes,30,1,64,1,0.1,0.001,64,30,0.014605,0.017486,0.010551,0.026015,0.023731,0.013186,0.688257,0.824038,0.497211,0.501232,0.569444,0.541667,3,cuda
1779292986429,GAZP,attention,quotes_macro,30,1,64,1,0.1,0.001,64,37,0.015218,0.019671,0.01054,0.026389,0.025782,0.013249,0.717174,0.927004,0.496706,0.511084,0.458333,0.534722,4,cuda
1779292993152,GAZP,attention,quotes_macro_fund,30,1,64,1,0.1,0.001,64,50,0.014686,0.140414,0.244574,0.025671,0.176848,0.244929,0.692106,6.617116,11.525704,0.504926,0.555556,0.541667,4,cuda
1779293000474,GAZP,attention,quotes_macro_fund_sent,30,1,64,1,0.1,0.001,64,30,0.015,0.023425,0.02198,0.026184,0.027825,0.024812,0.706879,1.103932,1.03582,0.539409,0.534722,0.458333,4,cuda
1779293007278,GAZP,attention,quotes,60,1,64,1,0.1,0.001,64,20,0.014738,0.016417,0.009971,0.026747,0.021566,0.012607,0.678497,0.755806,0.459048,0.513274,0.522936,0.545455,3,cuda
1779293013231,GAZP,attention,quotes_macro,60,1,64,1,0.1,0.001,64,38,0.015381,0.016604,0.011268,0.027011,0.021789,0.014463,0.708095,0.764402,0.518741,0.519595,0.486239,0.545455,4,cuda
1779293020073,GAZP,attention,quotes_macro_fund,60,1,64,1,0.1,0.001,64,50,0.015079,0.146228,0.214832,0.026294,0.163952,0.215196,0.694193,6.731878,9.890195,0.513274,0.522936,0.545455,4,cuda
1779293027427,GAZP,attention,quotes_macro_fund_sent,60,1,64,1,0.1,0.001,64,13,0.018911,0.026553,0.031486,0.029853,0.032659,0.033879,0.870612,1.222405,1.449496,0.501896,0.504587,0.454545,4,cuda
1779293034114,GAZP,attention,quotes,90,1,64,1,0.1,0.001,64,20,0.015492,0.014044,0.010032,0.027802,0.018391,0.013244,0.706563,0.640505,0.457541,0.481818,0.52,0.546667,3,cuda
1779293040308,GAZP,attention,quotes_macro,90,1,64,1,0.1,0.001,64,24,0.018406,0.014158,0.020391,0.031509,0.019135,0.023371,0.839467,0.645721,0.930005,0.522078,0.506667,0.546667,3,cuda
1779293046639,GAZP,attention,quotes_macro_fund,90,1,64,1,0.1,0.001,64,50,0.016097,0.154492,0.230288,0.02759,0.163303,0.2306,0.734138,7.046038,10.502928,0.515584,0.546667,0.546667,5,cuda
1779293054190,GAZP,attention,quotes_macro_fund_sent,90,1,64,1,0.1,0.001,64,39,0.015013,0.019322,0.02127,0.026778,0.023993,0.023787,0.684712,0.881254,0.970101,0.545455,0.453333,0.453333,4,cuda
1779293061573,LKOH,attention,quotes,15,1,64,1,0.1,0.001,64,33,0.012294,0.011323,0.014016,0.018123,0.015241,0.020402,0.706049,0.650318,0.804976,0.549878,0.503106,0.5,3,cuda
1779293067740,LKOH,attention,quotes_macro,15,1,64,1,0.1,0.001,64,32,0.012077,0.010898,0.014891,0.017828,0.014902,0.020536,0.693615,0.625879,0.855198,0.57056,0.559006,0.444444,4,cuda
1779293074224,LKOH,attention,quotes_macro_fund,15,1,64,1,0.1,0.001,64,50,0.011973,0.127695,0.183408,0.017448,0.163086,0.197621,0.687616,7.33372,10.53336,0.555961,0.571429,0.530864,4,cuda
1779293081489,LKOH,attention,quotes_macro_fund_sent,15,1,64,1,0.1,0.001,64,16,0.013602,0.015777,0.021406,0.019339,0.020487,0.028738,0.781206,0.906071,1.229356,0.526764,0.428571,0.469136,3,cuda
1779293087771,LKOH,attention,quotes,30,1,64,1,0.1,0.001,64,13,0.012448,0.011236,0.013431,0.018625,0.015094,0.019685,0.709714,0.640639,0.765759,0.554187,0.548611,0.465278,3,cuda
1779293093550,LKOH,attention,quotes_macro,30,1,64,1,0.1,0.001,64,50,0.012054,0.010953,0.015837,0.017844,0.014801,0.021537,0.687284,0.624515,0.902933,0.576355,0.652778,0.430556,4,cuda
1779293100671,LKOH,attention,quotes_macro_fund,30,1,64,1,0.1,0.001,64,50,0.012147,0.142084,0.17587,0.018002,0.177409,0.199466,0.69256,8.101012,10.027355,0.583744,0.590278,0.527778,4,cuda
1779293107964,LKOH,attention,quotes_macro_fund_sent,30,1,64,1,0.1,0.001,64,36,0.012303,0.015771,0.02235,0.018121,0.021471,0.032163,0.701489,0.899192,1.274317,0.578818,0.444444,0.451389,4,cuda
1779293115152,LKOH,attention,quotes,60,1,64,1,0.1,0.001,64,30,0.013356,0.010819,0.011646,0.019361,0.014449,0.016843,0.757656,0.613744,0.660642,0.518331,0.53211,0.445455,3,cuda
1779293121429,LKOH,attention,quotes_macro,60,1,64,1,0.1,0.001,64,50,0.012289,0.010766,0.014187,0.018249,0.014352,0.019017,0.697092,0.610694,0.804801,0.553729,0.559633,0.445455,4,cuda
1779293128529,LKOH,attention,quotes_macro_fund,60,1,64,1,0.1,0.001,64,50,0.012168,0.142717,0.112321,0.018133,0.167397,0.144924,0.690252,8.09585,6.371604,0.571429,0.587156,0.563636,5,cuda
1779293135907,LKOH,attention,quotes_macro_fund_sent,60,1,64,1,0.1,0.001,64,14,0.015305,0.020262,0.020628,0.020929,0.026388,0.028646,0.868192,1.149376,1.170167,0.471555,0.412844,0.445455,3,cuda
1779293142264,LKOH,attention,quotes,90,1,64,1,0.1,0.001,64,17,0.012734,0.009317,0.011235,0.018875,0.012763,0.015117,0.716608,0.524323,0.632232,0.509091,0.613333,0.426667,3,cuda
1779293147919,LKOH,attention,quotes_macro,90,1,64,1,0.1,0.001,64,50,0.012342,0.009253,0.011567,0.018529,0.012854,0.015519,0.694509,0.520678,0.650914,0.550649,0.6,0.426667,4,cuda
1779293155082,LKOH,attention,quotes_macro_fund,90,1,64,1,0.1,0.001,64,50,0.012793,0.151107,0.057497,0.018679,0.160097,0.078444,0.71991,8.503235,3.235502,0.516883,0.573333,0.573333,4,cuda
1779293162440,LKOH,attention,quotes_macro_fund_sent,90,1,64,1,0.1,0.001,64,17,0.023789,0.018583,0.01595,0.029007,0.022721,0.020684,1.338693,1.045718,0.897574,0.538961,0.453333,0.426667,3,cuda
1779293168834,GMKN,attention,quotes,15,1,64,1,0.1,0.001,64,12,0.014522,0.019842,0.016569,0.020002,0.025633,0.021395,0.802789,1.096877,0.91593,0.521739,0.481013,0.468354,3,cuda
1779293174587,GMKN,attention,quotes_macro,15,1,64,1,0.1,0.001,64,14,0.014075,0.018869,0.016437,0.019343,0.024933,0.021165,0.778074,1.043073,0.908636,0.496894,0.5,0.474684,3,cuda
1779293180454,GMKN,attention,quotes_macro_fund,15,1,64,1,0.1,0.001,64,50,0.012146,0.267811,0.259523,0.017321,0.280051,0.270327,0.671421,14.804651,14.346448,0.581366,0.537975,0.506329,4,cuda
1779293187687,GMKN,attention,quotes_macro_fund_sent,15,1,64,1,0.1,0.001,64,11,0.023991,0.026465,0.036053,0.030593,0.033511,0.051762,1.326251,1.462978,1.993037,0.469565,0.455696,0.506329,3,cuda
1779293193981,GMKN,attention,quotes,30,1,64,1,0.1,0.001,64,12,0.013544,0.018874,0.014141,0.018981,0.024107,0.018513,0.741073,1.032712,0.77372,0.508176,0.492857,0.531915,3,cuda
1779293199558,GMKN,attention,quotes_macro,30,1,64,1,0.1,0.001,64,14,0.013442,0.017993,0.015359,0.018995,0.024064,0.019955,0.735494,0.984481,0.840391,0.510692,0.564286,0.475177,3,cuda
1779293205473,GMKN,attention,quotes_macro_fund,30,1,64,1,0.1,0.001,64,50,0.01242,0.300711,0.24351,0.017597,0.304598,0.26454,0.679573,16.453565,13.323779,0.574843,0.564286,0.524823,5,cuda
1779293213185,GMKN,attention,quotes_macro_fund_sent,30,1,64,1,0.1,0.001,64,11,0.023264,0.029078,0.044111,0.029725,0.038464,0.068416,1.272889,1.591023,2.41357,0.461635,0.435714,0.510638,3,cuda
1779293219390,GMKN,attention,quotes,60,1,64,1,0.1,0.001,64,11,0.014663,0.016709,0.013879,0.020346,0.022265,0.017809,0.789557,0.899758,0.747341,0.514212,0.518868,0.490566,3,cuda
1779293225021,GMKN,attention,quotes_macro,60,1,64,1,0.1,0.001,64,23,0.013547,0.016571,0.014145,0.019131,0.021681,0.018174,0.729465,0.892325,0.761668,0.527132,0.537736,0.518868,3,cuda
1779293231212,GMKN,attention,quotes_macro_fund,60,1,64,1,0.1,0.001,64,50,0.012736,0.298261,0.156124,0.018131,0.299118,0.188344,0.68579,16.060517,8.406833,0.577519,0.518868,0.490566,4,cuda
1779293238504,GMKN,attention,quotes_macro_fund_sent,60,1,64,1,0.1,0.001,64,11,0.023419,0.031083,0.083291,0.029823,0.043055,0.108626,1.261044,1.673712,4.484985,0.4677,0.481132,0.509434,3,cuda
1779293244759,GMKN,attention,quotes,90,1,64,1,0.1,0.001,64,17,0.012946,0.016131,0.013578,0.018524,0.021381,0.016756,0.696973,0.868442,0.730974,0.504648,0.577465,0.555556,3,cuda
1779293250629,GMKN,attention,quotes_macro,90,1,64,1,0.1,0.001,64,20,0.013297,0.016366,0.013867,0.018979,0.021739,0.017071,0.715866,0.881075,0.746526,0.5166,0.507042,0.444444,3,cuda
1779293256680,GMKN,attention,quotes_macro_fund,90,1,64,1,0.1,0.001,64,50,0.013339,0.343386,0.166713,0.019166,0.344056,0.167651,0.71811,18.48648,8.975166,0.540505,0.478873,0.555556,5,cuda
1779293264123,GMKN,attention,quotes_macro_fund_sent,90,1,64,1,0.1,0.001,64,11,0.021926,0.025113,0.098109,0.028337,0.029856,0.107117,1.180426,1.351997,5.281791,0.513944,0.521127,0.444444,3,cuda
1779293270354,SBER,vanilla,quotes,60,20,64,1,0.1,0.001,64,50,0.012386,0.00805,0.006775,0.018522,0.011572,0.00854,0.639199,0.415462,0.34962,0.550265,0.501205,0.487349,4,cuda
1779293276784,SBER,vanilla,quotes_macro,60,20,64,1,0.1,0.001,64,48,0.01239,0.010379,0.010447,0.018411,0.013597,0.012812,0.639422,0.535621,0.539125,0.559855,0.46747,0.496988,4,cuda
1779293283470,SBER,vanilla,quotes_macro_fund,60,20,64,1,0.1,0.001,64,50,0.012264,0.180246,0.180777,0.018181,0.229015,0.230843,0.632913,9.302145,9.329522,0.571296,0.495181,0.50241,4,cuda
1779293290373,SBER,vanilla,quotes_macro_fund_sent,60,20,64,1,0.1,0.001,64,50,0.012314,0.225354,0.217437,0.018247,0.26974,0.260862,0.635488,11.630084,11.221475,0.568651,0.506626,0.505422,4,cuda
1779293297585,SBER,vanilla,quotes,120,20,64,1,0.1,0.001,64,39,0.01204,0.008529,0.007225,0.018148,0.010853,0.008993,0.644382,0.456463,0.386659,0.540616,0.546429,0.517857,3,cuda
1779293303954,SBER,vanilla,quotes_macro,120,20,64,1,0.1,0.001,64,50,0.011967,0.009803,0.011496,0.017899,0.012272,0.014207,0.640475,0.524636,0.61529,0.555952,0.557143,0.539286,4,cuda
1779293310799,SBER,vanilla,quotes_macro_fund,120,20,64,1,0.1,0.001,64,50,0.011894,0.180831,0.182323,0.017755,0.233351,0.234409,0.636577,9.678078,9.757911,0.559804,0.496429,0.5,4,cuda
1779293317748,SBER,vanilla,quotes_macro_fund_sent,120,20,64,1,0.1,0.001,64,50,0.011918,0.222159,0.2099,0.017828,0.265216,0.252388,0.637858,11.889932,11.233844,0.561485,0.503571,0.542857,4,cuda
1779293340129,VTBR,vanilla,quotes,60,20,64,1,0.1,0.001,64,37,0.014487,0.020328,0.015001,0.020888,0.037558,0.020284,0.675959,0.948496,0.699904,0.52331,0.49026,0.473377,3,cuda
1779293346489,VTBR,vanilla,quotes_macro,60,20,64,1,0.1,0.001,64,50,0.014394,0.021176,0.017343,0.020581,0.036683,0.023105,0.671611,0.988019,0.80918,0.540965,0.526623,0.466883,4,cuda
1779293353301,VTBR,vanilla,quotes_macro_fund,60,20,64,1,0.1,0.001,64,50,0.014345,0.18331,0.182693,0.020508,0.231892,0.23216,0.669333,8.553002,8.524193,0.544345,0.485065,0.504545,4,cuda
1779293360219,VTBR,vanilla,quotes_macro_fund_sent,60,20,64,1,0.1,0.001,64,35,0.014572,0.216661,0.213122,0.020815,0.261969,0.255933,0.679898,10.10908,9.943985,0.532483,0.53961,0.496104,4,cuda
1779293367329,VTBR,vanilla,quotes,120,20,64,1,0.1,0.001,64,50,0.014583,0.011934,0.012396,0.021365,0.016333,0.016056,0.667925,0.54658,0.567733,0.523353,0.675,0.48125,4,cuda
1779293373850,VTBR,vanilla,quotes_macro,120,20,64,1,0.1,0.001,64,50,0.014568,0.013386,0.014239,0.021158,0.018106,0.01786,0.667239,0.61308,0.652127,0.534334,0.58125,0.5,4,cuda
1779293380569,VTBR,vanilla,quotes_macro_fund,120,20,64,1,0.1,0.001,64,50,0.014487,0.188715,0.192451,0.021046,0.230978,0.241065,0.663513,8.643174,8.814314,0.540556,0.49375,0.45,4,cuda
1779293387512,VTBR,vanilla,quotes_macro_fund_sent,120,20,64,1,0.1,0.001,64,50,0.014528,0.212748,0.204676,0.021111,0.259863,0.247583,0.665384,9.743895,9.374227,0.537628,0.44375,0.5375,4,cuda
1779293409921,GAZP,vanilla,quotes,60,20,64,1,0.1,0.001,64,50,0.014107,0.014425,0.009437,0.024911,0.018843,0.01192,0.680757,0.696087,0.45539,0.534921,0.577711,0.51747,4,cuda
1779293416451,GAZP,vanilla,quotes_macro,60,20,64,1,0.1,0.001,64,41,0.014152,0.014957,0.00994,0.024993,0.019317,0.012387,0.682906,0.721752,0.47966,0.538889,0.522289,0.496988,3,cuda
1779293422928,GAZP,vanilla,quotes_macro_fund,60,20,64,1,0.1,0.001,64,50,0.014018,0.201948,0.199752,0.024324,0.252512,0.254791,0.67644,9.745135,9.639167,0.540939,0.50241,0.505422,4,cuda
1779293429851,GAZP,vanilla,quotes_macro_fund_sent,60,20,64,1,0.1,0.001,64,50,0.014121,0.221773,0.213545,0.024568,0.26885,0.259354,0.681404,10.701832,10.304747,0.539087,0.515663,0.507831,4,cuda
1779293437075,GAZP,vanilla,quotes,120,20,64,1,0.1,0.001,64,31,0.01417,0.014665,0.010592,0.025445,0.017048,0.013243,0.693339,0.717577,0.518259,0.520378,0.535714,0.482143,3,cuda
1779293443171,GAZP,vanilla,quotes_macro,120,20,64,1,0.1,0.001,64,50,0.014022,0.015078,0.011058,0.024706,0.017517,0.01375,0.686118,0.737804,0.541061,0.539496,0.485714,0.492857,4,cuda
1779293449985,GAZP,vanilla,quotes_macro_fund,120,20,64,1,0.1,0.001,64,50,0.014008,0.208366,0.204554,0.024264,0.271669,0.272399,0.685412,10.195583,10.009035,0.541947,0.517857,0.5,4,cuda
1779293457101,GAZP,vanilla,quotes_macro_fund_sent,120,20,64,1,0.1,0.001,64,50,0.014023,0.222444,0.210405,0.02455,0.265045,0.252759,0.686148,10.884423,10.295352,0.540336,0.560714,0.464286,4,cuda
1779293479469,LKOH,vanilla,quotes,60,20,64,1,0.1,0.001,64,50,0.01168,0.010407,0.01088,0.017161,0.014114,0.016044,0.678997,0.605011,0.632518,0.545899,0.534337,0.456024,4,cuda
1779293485950,LKOH,vanilla,quotes_macro,60,20,64,1,0.1,0.001,64,50,0.011553,0.010563,0.010998,0.016911,0.01455,0.016069,0.671644,0.614081,0.639376,0.561508,0.570482,0.474699,4,cuda
1779293492690,LKOH,vanilla,quotes_macro_fund,60,20,64,1,0.1,0.001,64,50,0.01146,0.134175,0.108682,0.016788,0.180667,0.149495,0.666258,7.800269,6.318241,0.572487,0.500602,0.503614,4,cuda
1779293499679,LKOH,vanilla,quotes_macro_fund_sent,60,20,64,1,0.1,0.001,64,50,0.011488,0.144099,0.126864,0.016854,0.196851,0.184121,0.667884,8.377234,7.375295,0.566865,0.522289,0.504819,4,cuda
1779293506932,LKOH,vanilla,quotes,120,20,64,1,0.1,0.001,64,36,0.011663,0.01,0.011227,0.017218,0.012589,0.015994,0.681652,0.584409,0.656154,0.528782,0.478571,0.428571,3,cuda
1779293513242,LKOH,vanilla,quotes_macro,120,20,64,1,0.1,0.001,64,42,0.011593,0.010034,0.011141,0.017008,0.012642,0.01588,0.677516,0.586395,0.651131,0.548039,0.503571,0.442857,4,cuda
1779293519789,LKOH,vanilla,quotes_macro_fund,120,20,64,1,0.1,0.001,64,50,0.01132,0.148938,0.188562,0.016697,0.181617,0.225281,0.661592,8.704449,11.020192,0.562955,0.475,0.496429,4,cuda
1779293526912,LKOH,vanilla,quotes_macro_fund_sent,120,20,64,1,0.1,0.001,64,50,0.011472,0.175424,0.249611,0.016834,0.247278,0.2956,0.670443,10.252383,14.588077,0.557283,0.546429,0.532143,4,cuda
1779293549266,GMKN,vanilla,quotes,60,20,64,1,0.1,0.001,64,50,0.012639,0.016293,0.014203,0.017607,0.021495,0.018405,0.689667,0.889084,0.775017,0.553931,0.514935,0.490909,4,cuda
1779293555819,GMKN,vanilla,quotes_macro,60,20,64,1,0.1,0.001,64,44,0.012656,0.016987,0.014101,0.017518,0.022377,0.018163,0.690602,0.926927,0.769468,0.557586,0.496753,0.523377,4,cuda
1779293562338,GMKN,vanilla,quotes_macro_fund,60,20,64,1,0.1,0.001,64,50,0.012455,0.202693,0.160316,0.017311,0.251576,0.199765,0.679652,11.060481,8.74807,0.567034,0.500649,0.486364,4,cuda
1779293569285,GMKN,vanilla,quotes_macro_fund_sent,60,20,64,1,0.1,0.001,64,50,0.012499,0.226495,0.213871,0.017404,0.26998,0.285032,0.682047,12.359255,11.670415,0.565724,0.501948,0.507143,4,cuda
1779293576539,GMKN,vanilla,quotes,120,20,64,1,0.1,0.001,64,50,0.013062,0.02247,0.014242,0.018292,0.025648,0.019196,0.704644,1.212194,0.76832,0.554905,0.5375,0.50625,3,cuda
1779293582944,GMKN,vanilla,quotes_macro,120,20,64,1,0.1,0.001,64,50,0.012976,0.022478,0.014926,0.018105,0.02614,0.018767,0.70003,1.212633,0.805208,0.562811,0.54375,0.4875,4,cuda
1779293589661,GMKN,vanilla,quotes_macro_fund,120,20,64,1,0.1,0.001,64,19,0.013928,0.040475,0.079686,0.019213,0.050061,0.10878,0.751384,2.183543,4.298868,0.525037,0.48125,0.49375,3,cuda
1779293595856,GMKN,vanilla,quotes_macro_fund_sent,120,20,64,1,0.1,0.001,64,50,0.012878,0.025832,0.076503,0.01799,0.032364,0.091124,0.694759,1.393576,4.127131,0.568448,0.5375,0.525,4,cuda
1779293618093,SBER,stacked,quotes,60,20,128,2,0.1,0.001,64,18,0.012503,0.00782,0.00585,0.018644,0.011313,0.00737,0.645239,0.403555,0.301902,0.547156,0.509639,0.492771,3,cuda
1779293629765,SBER,stacked,quotes_macro,60,20,128,2,0.1,0.001,64,13,0.01285,0.008894,0.005798,0.01888,0.012202,0.007302,0.663153,0.458978,0.299202,0.533995,0.476506,0.485542,3,cuda
1779293641548,SBER,stacked,quotes_macro_fund,60,20,128,2,0.1,0.001,64,50,0.011992,0.031443,0.031413,0.017235,0.03944,0.039406,0.618874,1.622727,1.62118,0.586442,0.510843,0.513855,4,cuda
1779293654223,SBER,stacked,quotes_macro_fund_sent,60,20,128,2,0.1,0.001,64,50,0.01217,0.043542,0.042458,0.017511,0.05194,0.049483,0.628092,2.247129,2.191149,0.57705,0.481928,0.493373,5,cuda
1779293666855,SBER,stacked,quotes,120,20,128,2,0.1,0.001,64,30,0.012027,0.008079,0.007106,0.018087,0.010235,0.008839,0.64366,0.432395,0.380316,0.547479,0.567857,0.503571,3,cuda
1779293678638,SBER,stacked,quotes_macro,120,20,128,2,0.1,0.001,64,18,0.012101,0.008122,0.006988,0.018062,0.010329,0.008607,0.64765,0.434677,0.37398,0.54909,0.625,0.5,3,cuda
1779293690176,SBER,stacked,quotes_macro_fund,120,20,128,2,0.1,0.001,64,50,0.01168,0.03277,0.034454,0.016968,0.042,0.043508,0.625136,1.753823,1.843981,0.584524,0.489286,0.514286,5,cuda
1779293715445,SBER,stacked,quotes_macro_fund_sent,120,20,128,2,0.1,0.001,64,50,0.01155,0.043423,0.044605,0.016885,0.050841,0.049144,0.618129,2.323976,2.387237,0.584034,0.532143,0.492857,5,cuda
1779293747245,VTBR,stacked,quotes,60,20,128,2,0.1,0.001,64,14,0.014643,0.017684,0.014197,0.021134,0.034165,0.019493,0.683234,0.825097,0.662426,0.516621,0.529221,0.469481,4,cuda
1779293759877,VTBR,stacked,quotes_macro,60,20,128,2,0.1,0.001,64,15,0.0146,0.018215,0.014569,0.020929,0.034677,0.019696,0.681211,0.849872,0.67976,0.527172,0.51039,0.467532,4,cuda
1779293793082,VTBR,stacked,quotes_macro_fund,60,20,128,2,0.1,0.001,64,50,0.013907,0.041673,0.040796,0.019598,0.056369,0.05091,0.648869,1.944388,1.903503,0.590207,0.503896,0.505195,4,cuda
1779293807236,VTBR,stacked,quotes_macro_fund_sent,60,20,128,2,0.1,0.001,64,50,0.013852,0.044373,0.046453,0.019485,0.058142,0.05833,0.646318,2.070382,2.167442,0.598207,0.53961,0.487662,5,cuda
1779293822415,VTBR,stacked,quotes,120,20,128,2,0.1,0.001,64,50,0.014519,0.011524,0.013161,0.021182,0.015612,0.01657,0.664965,0.527803,0.602776,0.543411,0.71875,0.43125,4,cuda
1779293836412,VTBR,stacked,quotes_macro,120,20,128,2,0.1,0.001,64,26,0.014564,0.012511,0.012186,0.021175,0.016266,0.015541,0.667026,0.573008,0.55812,0.545022,0.6375,0.46875,4,cuda
1779293849648,VTBR,stacked,quotes_macro_fund,120,20,128,2,0.1,0.001,64,34,0.014529,0.048343,0.051061,0.02101,0.064109,0.065509,0.665441,2.214127,2.338591,0.544583,0.41875,0.45,4,cuda
1779293864429,VTBR,stacked,quotes_macro_fund_sent,120,20,128,2,0.1,0.001,64,50,0.013909,0.038314,0.045808,0.019922,0.049046,0.056263,0.637045,1.754789,2.097998,0.596559,0.6125,0.5125,6,cuda
1779293897210,GAZP,stacked,quotes,60,20,128,2,0.1,0.001,64,30,0.014167,0.014394,0.009403,0.024583,0.018714,0.011883,0.683655,0.694612,0.453758,0.535913,0.578916,0.485542,4,cuda
1779293911762,GAZP,stacked,quotes_macro,60,20,128,2,0.1,0.001,64,15,0.014191,0.01482,0.009644,0.025314,0.019197,0.012102,0.684809,0.715166,0.465358,0.528108,0.529518,0.487952,3,cuda
1779293924740,GAZP,stacked,quotes_macro_fund,60,20,128,2,0.1,0.001,64,27,0.014159,0.040569,0.039322,0.024429,0.051788,0.049053,0.683234,1.957697,1.897522,0.541402,0.492771,0.499398,4,cuda
1779293957452,GAZP,stacked,quotes_macro_fund_sent,60,20,128,2,0.1,0.001,64,18,0.014202,0.055793,0.055734,0.025265,0.066017,0.065898,0.685318,2.69233,2.68947,0.522354,0.513855,0.512651,4,cuda
1779293971152,GAZP,stacked,quotes,120,20,128,2,0.1,0.001,64,12,0.015019,0.01466,0.010898,0.026511,0.017368,0.013665,0.734876,0.717332,0.533256,0.516947,0.528571,0.535714,3,cuda
1779293983935,GAZP,stacked,quotes_macro,120,20,128,2,0.1,0.001,64,39,0.013884,0.013753,0.010984,0.023286,0.016161,0.014053,0.679337,0.672929,0.537441,0.569328,0.625,0.471429,5,cuda
1779293998379,GAZP,stacked,quotes_macro_fund,120,20,128,2,0.1,0.001,64,28,0.014084,0.04152,0.039724,0.024569,0.055704,0.053675,0.689121,2.031622,1.943729,0.546499,0.503571,0.507143,4,cuda
1779294011442,GAZP,stacked,quotes_macro_fund_sent,120,20,128,2,0.1,0.001,64,18,0.014219,0.054177,0.053818,0.025447,0.063749,0.064617,0.695774,2.650948,2.633371,0.52542,0.567857,0.542857,4,cuda
1779294042825,LKOH,stacked,quotes,60,20,128,2,0.1,0.001,64,17,0.011698,0.010398,0.010844,0.017249,0.01417,0.015983,0.680063,0.604469,0.63039,0.544048,0.544578,0.446386,3,cuda
1779294055362,LKOH,stacked,quotes_macro,60,20,128,2,0.1,0.001,64,23,0.011592,0.010409,0.010884,0.01696,0.014387,0.015903,0.673882,0.605125,0.632729,0.563095,0.569277,0.477711,4,cuda
1779294069033,LKOH,stacked,quotes_macro_fund,60,20,128,2,0.1,0.001,64,39,0.011362,0.030099,0.029727,0.016582,0.040417,0.039953,0.660555,1.749821,1.728165,0.58082,0.506626,0.507831,4,cuda
1779294082341,LKOH,stacked,quotes_macro_fund_sent,60,20,128,2,0.1,0.001,64,37,0.011395,0.034035,0.029834,0.016676,0.045857,0.041876,0.662422,1.978647,1.73442,0.579894,0.527711,0.521687,5,cuda
1779294096943,LKOH,stacked,quotes,120,20,128,2,0.1,0.001,64,20,0.011626,0.009884,0.011027,0.017232,0.012583,0.015793,0.679476,0.577628,0.644441,0.535154,0.535714,0.475,3,cuda
1779294109841,LKOH,stacked,quotes_macro,120,20,128,2,0.1,0.001,64,25,0.011429,0.009869,0.011161,0.016826,0.012323,0.015892,0.667941,0.576763,0.652305,0.566036,0.521429,0.503571,4,cuda
1779294122667,LKOH,stacked,quotes_macro_fund,120,20,128,2,0.1,0.001,64,50,0.011208,0.031452,0.039783,0.016324,0.041989,0.051939,0.655006,1.83816,2.325029,0.585224,0.492857,0.510714,5,cuda
1779294135893,LKOH,stacked,quotes_macro_fund_sent,120,20,128,2,0.1,0.001,64,50,0.011012,0.034643,0.050337,0.016024,0.046074,0.061162,0.643578,2.02467,2.941862,0.606723,0.510714,0.532143,5,cuda
1779294164776,GMKN,stacked,quotes,60,20,128,2,0.1,0.001,64,28,0.012602,0.016042,0.014674,0.017557,0.021248,0.019057,0.687672,0.875374,0.800704,0.555517,0.533117,0.461688,3,cuda
1779294176370,GMKN,stacked,quotes_macro,60,20,128,2,0.1,0.001,64,17,0.012629,0.016796,0.014518,0.017555,0.022193,0.018682,0.689147,0.916527,0.792188,0.553655,0.5,0.500649,3,cuda
1779294187974,GMKN,stacked,quotes_macro_fund,60,20,128,2,0.1,0.001,64,39,0.012253,0.036255,0.04271,0.016914,0.047588,0.055483,0.668628,1.978368,2.330559,0.587034,0.494805,0.495455,4,cuda
1779294201395,GMKN,stacked,quotes_macro_fund_sent,60,20,128,2,0.1,0.001,64,50,0.012018,0.042062,0.043048,0.016452,0.052079,0.057655,0.655766,2.295196,2.349025,0.597172,0.5,0.502597,4,cuda
1779294214930,GMKN,stacked,quotes,120,20,128,2,0.1,0.001,64,20,0.01314,0.022467,0.01439,0.018391,0.025488,0.019617,0.708882,1.212057,0.77631,0.540849,0.55625,0.55,3,cuda
1779294226414,GMKN,stacked,quotes_macro,120,20,128,2,0.1,0.001,64,22,0.012948,0.022574,0.016122,0.018064,0.026932,0.020806,0.698524,1.217834,0.869764,0.565593,0.525,0.4,3,cuda
1779294238503,GMKN,stacked,quotes_macro_fund,120,20,128,2,0.1,0.001,64,35,0.012692,0.023306,0.020765,0.017658,0.027893,0.02641,0.684681,1.257324,1.120227,0.585505,0.51875,0.5875,4,cuda
1779294251440,GMKN,stacked,quotes_macro_fund_sent,120,20,128,2,0.1,0.001,64,26,0.012916,0.024978,0.026767,0.01801,0.030583,0.031992,0.696793,1.347515,1.444031,0.562372,0.5125,0.525,4,cuda
1779294279240,SBER,attn_seq2seq,quotes,60,20,128,1,0.1,0.001,64,13,0.01323,0.008133,0.005317,0.019131,0.011463,0.006732,0.682762,0.41974,0.274418,0.550595,0.478313,0.468072,7,cuda
1779294289123,SBER,attn_seq2seq,quotes_macro,60,20,128,1,0.1,0.001,64,12,0.013206,0.009857,0.006115,0.019086,0.013138,0.007676,0.681523,0.508692,0.315561,0.543056,0.477108,0.468072,7,cuda
1779294298837,SBER,attn_seq2seq,quotes_macro_fund,60,20,128,1,0.1,0.001,64,11,0.022222,0.032548,0.044681,0.027413,0.037323,0.049291,1.14682,1.679747,2.305917,0.474471,0.484337,0.479518,7,cuda
1779294308324,SBER,attn_seq2seq,quotes_macro_fund_sent,60,20,128,1,0.1,0.001,64,14,0.012919,0.02992,0.031292,0.018888,0.04217,0.042683,0.666719,1.544137,1.614907,0.529828,0.478916,0.465663,8,cuda
1779294319224,SBER,attn_seq2seq,quotes,120,20,128,1,0.1,0.001,64,17,0.012162,0.007823,0.006633,0.018155,0.009951,0.008313,0.65089,0.418692,0.354997,0.535924,0.628571,0.496429,8,cuda
1779294330646,SBER,attn_seq2seq,quotes_macro,120,20,128,1,0.1,0.001,64,13,0.011958,0.007842,0.006076,0.01811,0.010006,0.007674,0.640016,0.419697,0.32516,0.554482,0.621429,0.503571,7,cuda
1779294340912,SBER,attn_seq2seq,quotes_macro_fund,120,20,128,1,0.1,0.001,64,11,0.021912,0.023291,0.038815,0.027756,0.026948,0.043197,1.172716,1.24654,2.07738,0.463235,0.585714,0.507143,7,cuda
1779294350739,SBER,attn_seq2seq,quotes_macro_fund_sent,120,20,128,1,0.1,0.001,64,18,0.012051,0.035899,0.03546,0.0181,0.047658,0.047436,0.644967,1.921319,1.897808,0.546639,0.625,0.5,9,cuda
1779294378304,VTBR,attn_seq2seq,quotes,60,20,128,1,0.1,0.001,64,16,0.014606,0.017037,0.013,0.021159,0.034002,0.018328,0.681472,0.794905,0.606561,0.523448,0.621429,0.464286,8,cuda
1779294389129,VTBR,attn_seq2seq,quotes_macro,60,20,128,1,0.1,0.001,64,12,0.014863,0.016307,0.014652,0.021218,0.033465,0.020172,0.693505,0.760849,0.683628,0.480621,0.615584,0.467532,7,cuda
1779294399032,VTBR,attn_seq2seq,quotes_macro_fund,60,20,128,1,0.1,0.001,64,22,0.014567,0.041469,0.044418,0.020842,0.052049,0.04888,0.679669,1.934904,2.072483,0.502621,0.566883,0.490909,11,cuda
1779294412618,VTBR,attn_seq2seq,quotes_macro_fund_sent,60,20,128,1,0.1,0.001,64,21,0.014536,0.058452,0.059267,0.020816,0.078995,0.077122,0.678228,2.727265,2.765299,0.504138,0.621429,0.464935,10,cuda
1779294425862,VTBR,attn_seq2seq,quotes,120,20,128,1,0.1,0.001,64,13,0.014948,0.01288,0.012539,0.021828,0.016597,0.016674,0.684632,0.589919,0.574274,0.476867,0.45,0.55,6,cuda
1779294435406,VTBR,attn_seq2seq,quotes_macro,120,20,128,1,0.1,0.001,64,15,0.014652,0.010842,0.013165,0.02143,0.015659,0.016852,0.671082,0.496556,0.602943,0.514422,0.75625,0.55,7,cuda
1779294445780,VTBR,attn_seq2seq,quotes_macro_fund,120,20,128,1,0.1,0.001,64,15,0.014796,0.042295,0.046497,0.02163,0.047778,0.051026,0.677664,1.937129,2.129567,0.529356,0.44375,0.55,8,cuda
1779294456453,VTBR,attn_seq2seq,quotes_macro_fund_sent,120,20,128,1,0.1,0.001,64,23,0.014709,0.058207,0.056092,0.021362,0.077739,0.075725,0.673699,2.665897,2.56905,0.502855,0.75625,0.55,10,cuda
1779294485446,GAZP,attn_seq2seq,quotes,60,20,128,1,0.1,0.001,64,19,0.014165,0.014532,0.009395,0.025447,0.019056,0.012088,0.683555,0.701264,0.453349,0.537698,0.545181,0.541566,9,cuda
1779294497220,GAZP,attn_seq2seq,quotes_macro,60,20,128,1,0.1,0.001,64,18,0.014219,0.014544,0.009402,0.025411,0.019079,0.012085,0.686148,0.701829,0.453684,0.500992,0.563253,0.539157,9,cuda
1779294508923,GAZP,attn_seq2seq,quotes_macro_fund,60,20,128,1,0.1,0.001,64,14,0.014215,0.048498,0.068349,0.02561,0.056702,0.072391,0.685958,2.340284,3.29824,0.531415,0.527108,0.506626,8,cuda
1779294519557,GAZP,attn_seq2seq,quotes_macro_fund_sent,60,20,128,1,0.1,0.001,64,48,0.014032,0.034746,0.032685,0.024486,0.04776,0.046173,0.677124,1.676706,1.577232,0.57004,0.481325,0.49759,19,cuda
1779294542049,GAZP,attn_seq2seq,quotes,120,20,128,1,0.1,0.001,64,12,0.015547,0.01322,0.010412,0.026853,0.015857,0.013075,0.760728,0.646865,0.50949,0.531443,0.689286,0.592857,6,cuda
1779294551616,GAZP,attn_seq2seq,quotes_macro,120,20,128,1,0.1,0.001,64,28,0.014098,0.012553,0.01261,0.025599,0.016291,0.015729,0.689814,0.614225,0.617023,0.519608,0.689286,0.592857,12,cuda
1779294567070,GAZP,attn_seq2seq,quotes_macro_fund,120,20,128,1,0.1,0.001,64,28,0.014009,0.048904,0.06332,0.025368,0.065191,0.075696,0.685455,2.392939,3.098322,0.538445,0.560714,0.45,13,cuda
1779294582738,GAZP,attn_seq2seq,quotes_macro_fund_sent,120,20,128,1,0.1,0.001,64,50,0.014143,0.034832,0.037558,0.024644,0.045283,0.049261,0.692041,1.704357,1.83775,0.527731,0.582143,0.564286,20,cuda
1779294621584,LKOH,attn_seq2seq,quotes,60,20,128,1,0.1,0.001,64,15,0.011698,0.010431,0.010789,0.017293,0.014226,0.015932,0.680078,0.606419,0.627221,0.536177,0.562048,0.443976,8,cuda
1779294632170,LKOH,attn_seq2seq,quotes_macro,60,20,128,1,0.1,0.001,64,17,0.011666,0.010419,0.010723,0.017171,0.014297,0.01583,0.678179,0.605694,0.623395,0.557275,0.56506,0.492169,8,cuda
1779294643621,LKOH,attn_seq2seq,quotes_macro_fund,60,20,128,1,0.1,0.001,64,14,0.011727,0.051403,0.042382,0.017215,0.057995,0.049905,0.681747,2.988347,2.463909,0.548214,0.519277,0.546988,8,cuda
1779294654617,LKOH,attn_seq2seq,quotes_macro_fund_sent,60,20,128,1,0.1,0.001,64,50,0.011492,0.023095,0.018011,0.016929,0.034128,0.026961,0.668104,1.342623,1.047097,0.583532,0.564458,0.487952,20,cuda
1779294677766,LKOH,attn_seq2seq,quotes,120,20,128,1,0.1,0.001,64,15,0.011579,0.010121,0.011682,0.017261,0.012734,0.01643,0.676736,0.591483,0.682727,0.533193,0.425,0.389286,8,cuda
1779294688507,LKOH,attn_seq2seq,quotes_macro,120,20,128,1,0.1,0.001,64,20,0.011528,0.010217,0.011423,0.017105,0.012691,0.016129,0.673736,0.597133,0.667601,0.55063,0.542857,0.378571,10,cuda
1779294701849,LKOH,attn_seq2seq,quotes_macro_fund,120,20,128,1,0.1,0.001,64,11,0.022539,0.030792,0.050818,0.027815,0.042074,0.067987,1.31723,1.799583,2.969984,0.498739,0.571429,0.553571,7,cuda
1779294711696,LKOH,attn_seq2seq,quotes_macro_fund_sent,120,20,128,1,0.1,0.001,64,48,0.011387,0.0167,0.031976,0.016943,0.027884,0.047943,0.665496,0.976019,1.868798,0.561835,0.425,0.442857,20,cuda
1779294749909,GMKN,attn_seq2seq,quotes,60,20,128,1,0.1,0.001,64,16,0.012632,0.016352,0.014764,0.017738,0.021548,0.018951,0.689298,0.892275,0.805614,0.537448,0.512987,0.453896,8,cuda
1779294760828,GMKN,attn_seq2seq,quotes_macro,60,20,128,1,0.1,0.001,64,13,0.012804,0.016377,0.0144,0.017833,0.021765,0.018361,0.698662,0.893665,0.785748,0.540276,0.466883,0.457792,7,cuda
1779294770924,GMKN,attn_seq2seq,quotes_macro_fund,60,20,128,1,0.1,0.001,64,17,0.012613,0.056131,0.052675,0.017726,0.062118,0.057825,0.688271,3.062903,2.874352,0.549379,0.498052,0.514935,9,cuda
1779294782690,GMKN,attn_seq2seq,quotes_macro_fund_sent,60,20,128,1,0.1,0.001,64,50,0.012457,0.055917,0.04457,0.017348,0.072907,0.05369,0.67974,3.051257,2.432048,0.567724,0.481818,0.452597,20,cuda
1779294805750,GMKN,attn_seq2seq,quotes,120,20,128,1,0.1,0.001,64,21,0.013061,0.022656,0.014023,0.018396,0.025592,0.018732,0.704592,1.222234,0.756535,0.542753,0.50625,0.55,9,cuda
1779294817777,GMKN,attn_seq2seq,quotes_macro,120,20,128,1,0.1,0.001,64,32,0.012996,0.022419,0.014082,0.018161,0.025464,0.018366,0.701107,1.209454,0.759665,0.558419,0.5125,0.51875,13,cuda
1779294833763,GMKN,attn_seq2seq,quotes_macro_fund,120,20,128,1,0.1,0.001,64,13,0.014414,0.046288,0.058269,0.019749,0.054924,0.064015,0.777584,2.497138,3.143502,0.538946,0.5125,0.5,7,cuda
1779294843769,GMKN,attn_seq2seq,quotes_macro_fund_sent,120,20,128,1,0.1,0.001,64,15,0.013305,0.023489,0.027273,0.018508,0.027428,0.043403,0.717796,1.267188,1.471332,0.543192,0.5,0.65625,8,cuda
