BOARDID,TRADEDATE,SHORTNAME,SECID,NUMTRADES,VALUE,OPEN,LOW,HIGH,LEGALCLOSEPRICE,WAPRICE,CLOSE,VOLUME,MARKETPRICE2,MARKETPRICE3,ADMITTEDQUOTE,MP2VALTRD,MARKETPRICE3TRADESVALUE,ADMITTEDVALUE,WAVAL,TRADINGSESSION,CURRENCYID,TRENDCLSPR,TRADE_SESSION_DATE
TQBR,2024-07-08,ЯНДЕКС,YDEX,0,0.0,,,,,,,0,,,,0.0,0.0,,0,3,SUR,,
TQBR,2024-07-09,ЯНДЕКС,YDEX,0,0.0,,,,,,,0,,,,0.0,0.0,,0,3,SUR,,
TQBR,2024-07-10,ЯНДЕКС,YDEX,0,0.0,,,,,,,0,,,,0.0,0.0,,0,3,SUR,,
TQBR,2024-07-11,ЯНДЕКС,YDEX,0,0.0,,,,,,,0,,,,0.0,0.0,,0,3,SUR,,
TQBR,2024-07-12,ЯНДЕКС,YDEX,0,0.0,,,,,,,0,,,,0.0,0.0,,0,3,SUR,,
TQBR,2024-07-15,ЯНДЕКС,YDEX,0,0.0,,,,,,,0,,,,0.0,0.0,,0,3,SUR,,
TQBR,2024-07-16,ЯНДЕКС,YDEX,0,0.0,,,,,,,0,,,,0.0,0.0,,0,3,SUR,,
TQBR,2024-07-17,ЯНДЕКС,YDEX,0,0.0,,,,,,,0,,,,0.0,0.0,,0,3,SUR,,
TQBR,2024-07-18,ЯНДЕКС,YDEX,0,0.0,,,,,,,0,,,,0.0,0.0,,0,3,SUR,,
TQBR,2024-07-19,ЯНДЕКС,YDEX,0,0.0,,,,,,,0,,,,0.0,0.0,,0,3,SUR,,
TQBR,2024-07-22,ЯНДЕКС,YDEX,0,0.0,,,,,,,0,,,,0.0,0.0,,0,3,SUR,,
TQBR,2024-07-23,ЯНДЕКС,YDEX,0,0.0,,,,,,,0,,,,0.0,0.0,,0,3,SUR,,
TQBR,2024-07-24,ЯНДЕКС,YDEX,231097,22320577653.5,4542.0,4100.0,4542.0,4111.5,4208.5,4148.5,5300782,4214.5,4214.5,,21234348169.5,21234348169.5,,0,3,SUR,,
TQBR,2024-07-25,ЯНДЕКС,YDEX,103368,7829606352.0,4153.5,4070.0,4186.0,4135.0,4108.0,4137.5,1905603,4108.0,4108.0,,7508995248.0,7508995248.0,,0,3,SUR,-0.27,
TQBR,2024-07-26,ЯНДЕКС,YDEX,190615,16904130984.5,4137.5,3931.0,4176.5,3984.0,4037.0,3962.5,4187989,4044.0,4044.0,,15300765595.0,15300765595.0,,0,3,SUR,-4.23,
TQBR,2024-07-29,ЯНДЕКС,YDEX,237790,18208188588.0,3935.0,3783.0,3935.0,3840.0,3848.5,3867.0,4730950,3849.5,3849.5,,16488777770.0,16488777770.0,,0,3,SUR,-2.41,
TQBR,2024-07-30,ЯНДЕКС,YDEX,173754,15843727512.5,3917.0,3809.0,3949.0,3895.0,3892.0,3910.0,4070128,3892.0,3892.0,,15152413248.5,15152413248.5,,0,3,SUR,1.11,
TQBR,2024-07-31,ЯНДЕКС,YDEX,86012,7830245296.5,3915.5,3865.5,3954.5,3894.0,3890.5,3892.0,2007544,3901.0,3901.0,,7344244869.0,7344244869.0,,0,3,SUR,-0.46,
TQBR,2024-08-01,ЯНДЕКС,YDEX,55404,4780686748.0,3895.0,3861.0,3921.0,3910.0,3897.5,3871.5,1226606,3900.5,3900.5,,4087220096.5,4087220096.5,,0,3,SUR,-0.53,
TQBR,2024-08-02,ЯНДЕКС,YDEX,143636,9903454083.0,3871.5,3726.0,3874.0,3775.0,3793.0,3728.5,2611364,3803.0,3803.0,,8132707203.5,8132707203.5,,0,3,SUR,-3.69,
TQBR,2024-08-05,ЯНДЕКС,YDEX,178639,13833300061.0,3605.5,3551.0,3657.0,3615.0,3601.5,3585.0,3840829,3600.5,3600.5,,12596784630.0,12596784630.0,,0,3,SUR,-3.85,
TQBR,2024-08-06,ЯНДЕКС,YDEX,112911,8526866247.0,3643.0,3564.0,3700.0,3640.0,3641.0,3644.0,2341885,3640.5,3640.5,,7779075761.5,7779075761.5,,0,3,SUR,1.65,
TQBR,2024-08-07,ЯНДЕКС,YDEX,169058,16375286919.0,3661.5,3605.0,3876.0,3836.0,3756.0,3854.0,4359542,3739.0,3739.0,,13501010542.5,13501010542.5,,0,3,SUR,5.76,
TQBR,2024-08-08,ЯНДЕКС,YDEX,132682,13650847754.0,3860.0,3790.5,3929.5,3870.0,3875.5,3828.0,3522485,3886.0,3886.0,,11388920720.5,11388920720.5,,0,3,SUR,-0.67,
TQBR,2024-08-09,ЯНДЕКС,YDEX,50478,4317354418.0,3826.0,3792.5,3870.5,3846.0,3841.5,3854.5,1123907,3841.0,3841.0,,3795302763.0,3795302763.0,,0,3,SUR,0.69,
TQBR,2024-08-12,ЯНДЕКС,YDEX,97915,6430124026.0,3829.0,3805.5,3923.0,3916.5,3876.5,3923.0,1658809,3871.5,3871.5,,5648575324.5,5648575324.5,,0,3,SUR,1.78,
TQBR,2024-08-13,ЯНДЕКС,YDEX,70352,4388712872.5,3938.0,3903.5,3964.0,3912.0,3923.5,3911.0,1118537,3924.5,3924.5,,4100716069.5,4100716069.5,,0,3,SUR,-0.31,
TQBR,2024-08-14,ЯНДЕКС,YDEX,47464,3870788320.0,3915.0,3825.0,3929.0,3873.0,3883.5,3831.5,996717,3891.5,3891.5,,3083479006.0,3083479006.0,,0,3,SUR,-2.03,
TQBR,2024-08-15,ЯНДЕКС,YDEX,55230,4323806429.0,3832.0,3783.0,3860.0,3848.0,3826.5,3828.0,1129756,3826.0,3826.0,,3875182850.0,3875182850.0,,0,3,SUR,-0.09,
TQBR,2024-08-16,ЯНДЕКС,YDEX,47931,4132482329.0,3828.5,3756.0,3856.0,3840.0,3812.0,3776.5,1084178,3831.5,3831.5,,2366048185.5,2366048185.5,,0,3,SUR,-1.35,
TQBR,2024-08-19,ЯНДЕКС,YDEX,116745,7133017020.0,3799.0,3680.5,3825.0,3719.5,3743.5,3725.5,1905573,3748.5,3748.5,,6243059714.5,6243059714.5,,0,3,SUR,-1.35,
TQBR,2024-08-20,ЯНДЕКС,YDEX,63419,4619093843.0,3742.0,3683.5,3787.5,3762.5,3743.0,3753.0,1234119,3742.5,3742.5,,4239368569.5,4239368569.5,,0,3,SUR,0.74,
TQBR,2024-08-21,ЯНДЕКС,YDEX,55074,5089330925.0,3755.0,3712.5,3853.0,3800.0,3785.0,3836.5,1344017,3783.5,3783.5,,4654270918.0,4654270918.0,,0,3,SUR,2.22,
TQBR,2024-08-22,ЯНДЕКС,YDEX,61841,5767631658.5,3836.5,3760.5,3884.0,3790.0,3834.0,3794.0,1505016,3840.5,3840.5,,4737603283.0,4737603283.0,,0,3,SUR,-1.11,
TQBR,2024-08-23,ЯНДЕКС,YDEX,72524,5279733790.0,3794.0,3730.0,3836.5,3766.0,3799.5,3807.0,1390128,3798.0,3798.0,,4542699772.0,4542699772.0,,0,3,SUR,0.34,
TQBR,2024-08-26,ЯНДЕКС,YDEX,76203,6841437892.5,3880.0,3851.0,3945.0,3888.0,3905.0,3913.5,1751792,3905.5,3905.5,,6510417616.5,6510417616.5,,0,3,SUR,2.8,
TQBR,2024-08-27,ЯНДЕКС,YDEX,41664,3535268111.5,3910.5,3828.5,3942.5,3854.0,3883.5,3844.0,910370,3888.0,3888.0,,3111180775.0,3111180775.0,,0,3,SUR,-1.78,
TQBR,2024-08-28,ЯНДЕКС,YDEX,67325,4906349096.5,3844.0,3819.0,3920.0,3874.5,3869.0,3892.5,1268153,3860.5,3860.5,,3753077652.5,3753077652.5,,0,3,SUR,1.26,
TQBR,2024-08-29,ЯНДЕКС,YDEX,49980,4327875699.0,3902.0,3840.0,3944.5,3920.0,3886.5,3926.0,1113382,3876.5,3876.5,,3368854885.0,3368854885.0,,0,3,SUR,0.86,
TQBR,2024-08-30,ЯНДЕКС,YDEX,90332,6406318939.5,3954.0,3731.0,3972.5,3768.0,3832.0,3765.5,1671578,3850.0,3850.0,,5234036249.0,5234036249.0,,0,3,SUR,-4.09,
TQBR,2024-09-02,ЯНДЕКС,YDEX,106585,9028183174.0,3730.5,3583.5,3762.0,3590.0,3648.5,3620.5,2474527,3652.5,3652.5,,8159281496.0,8159281496.0,,0,3,SUR,-3.85,
TQBR,2024-09-03,ЯНДЕКС,YDEX,80421,7051789113.0,3635.0,3568.0,3707.0,3621.0,3644.0,3652.0,1935125,3644.5,3644.5,,6613038359.5,6613038359.5,,0,3,SUR,0.87,
TQBR,2024-09-04,ЯНДЕКС,YDEX,42135,3782591110.5,3655.0,3628.0,3744.0,3712.0,3686.0,3737.0,1025998,3673.5,3673.5,,2833442502.5,2833442502.5,,0,3,SUR,2.33,
TQBR,2024-09-05,ЯНДЕКС,YDEX,50501,3587219979.0,3761.0,3669.0,3769.5,3688.5,3728.0,3679.5,962185,3733.0,3733.0,,3246927350.0,3246927350.0,,0,3,SUR,-1.54,
TQBR,2024-09-06,ЯНДЕКС,YDEX,28963,2505889134.5,3681.5,3641.0,3745.5,3723.0,3697.0,3715.0,677793,3694.5,3694.5,,2230940078.0,2230940078.0,,0,3,SUR,0.96,
TQBR,2024-09-09,ЯНДЕКС,YDEX,79628,5462855886.0,3740.0,3738.5,3888.0,3881.0,3835.0,3883.5,1424505,3830.0,3830.0,,4841877148.0,4841877148.0,,0,3,SUR,4.54,
TQBR,2024-09-10,ЯНДЕКС,YDEX,50177,4283306393.5,3905.0,3771.0,3905.5,3800.0,3837.0,3825.0,1116225,3847.0,3847.0,,3518946054.0,3518946054.0,,0,3,SUR,-1.51,
TQBR,2024-09-11,ЯНДЕКС,YDEX,58551,5042863024.0,3822.0,3777.0,3878.0,3872.5,3829.5,3782.0,1316846,3835.0,3835.0,,3894352069.5,3894352069.5,,0,3,SUR,-1.12,
TQBR,2024-09-12,ЯНДЕКС,YDEX,52472,4410876752.5,3792.0,3736.0,3829.5,3815.0,3787.0,3828.5,1164435,3785.0,3785.0,,3822952028.0,3822952028.0,,0,3,SUR,1.23,
TQBR,2024-09-13,ЯНДЕКС,YDEX,68252,6545615808.5,3820.0,3762.5,3920.0,3920.0,3853.5,3914.5,1698703,3848.0,3848.0,,5972477189.5,5972477189.5,,0,3,SUR,2.25,
TQBR,2024-09-16,ЯНДЕКС,YDEX,111997,12152293472.5,3933.0,3921.0,4135.0,4120.0,4049.0,4119.0,3001023,4043.0,4043.0,,11043423136.0,11043423136.0,,0,3,SUR,5.22,
TQBR,2024-09-17,ЯНДЕКС,YDEX,74488,8166144965.5,4128.5,4052.5,4175.5,4105.0,4105.0,4106.0,1989210,4105.5,4105.5,,7572224820.5,7572224820.5,,0,3,SUR,-0.32,
TQBR,2024-09-18,ЯНДЕКС,YDEX,41042,4192030569.5,4115.0,4020.0,4130.0,4039.0,4069.0,4031.0,1030090,4072.5,4072.5,,3754119411.0,3754119411.0,,0,3,SUR,-1.83,
TQBR,2024-09-19,ЯНДЕКС,YDEX,52694,5789713635.0,4050.0,4026.0,4150.0,4150.0,4108.0,4137.5,1409406,4103.0,4103.0,,4724384630.5,4724384630.5,,0,3,SUR,2.64,
TQBR,2024-09-20,ЯНДЕКС,YDEX,45547,4993947761.5,4075.0,4065.0,4135.0,4100.0,4103.0,4100.0,1216895,4105.0,4105.0,,4587124325.0,4587124325.0,,0,3,SUR,-0.91,
TQBR,2024-09-23,ЯНДЕКС,YDEX,81021,7855140431.0,4100.0,4070.0,4249.0,4229.0,4178.5,4202.5,1880461,4174.0,4174.0,,6468727251.5,6468727251.5,,0,3,SUR,2.5,
TQBR,2024-09-24,ЯНДЕКС,YDEX,45469,3795585295.0,4209.5,4128.0,4240.0,4163.0,4167.5,4160.0,910741,4168.0,4168.0,,3528326265.0,3528326265.0,,0,3,SUR,-1.01,
TQBR,2024-09-25,ЯНДЕКС,YDEX,74619,5576757909.0,4170.0,4002.0,4170.0,4030.0,4076.5,4035.5,1367988,4082.5,4082.5,,4880312232.0,4880312232.0,,0,3,SUR,-2.99,
TQBR,2024-09-26,ЯНДЕКС,YDEX,52615,4471082105.5,4015.0,3963.5,4059.0,3988.0,3998.5,4001.5,1118056,3999.0,3999.0,,4168687793.0,4168687793.0,,0,3,SUR,-0.84,
TQBR,2024-09-27,ЯНДЕКС,YDEX,32791,2441435330.5,4025.0,4002.5,4068.0,4055.0,4037.0,4024.0,604750,4036.0,4036.0,,1905847325.0,1905847325.0,,0,3,SUR,0.56,
TQBR,2024-09-30,ЯНДЕКС,YDEX,39456,2884533680.0,4045.0,3985.5,4089.0,4040.5,4045.5,4007.5,712975,4051.0,4051.0,,2532508644.0,2532508644.0,,0,3,SUR,-0.41,
TQBR,2024-10-01,ЯНДЕКС,YDEX,43114,2967736092.5,4005.0,3931.0,4023.5,3963.0,3970.0,3963.0,747533,3971.5,3971.5,,2584497837.0,2584497837.0,,0,3,SUR,-1.11,
TQBR,2024-10-02,ЯНДЕКС,YDEX,34324,2740383086.5,3966.0,3901.0,4009.0,3925.0,3956.5,3907.5,692597,3967.0,3967.0,,2196478882.0,2196478882.0,,0,3,SUR,-1.4,
TQBR,2024-10-03,ЯНДЕКС,YDEX,54303,3628267558.5,3915.0,3862.5,3974.0,3939.5,3917.0,3969.0,926244,3913.0,3913.0,,3286772099.0,3286772099.0,,0,3,SUR,1.57,
TQBR,2024-10-04,ЯНДЕКС,YDEX,35623,2356173822.5,3978.0,3931.0,4003.0,3959.0,3964.0,3945.5,594341,3966.0,3966.0,,2117892509.5,2117892509.5,,0,3,SUR,-0.59,
TQBR,2024-10-07,ЯНДЕКС,YDEX,25214,1517719617.5,3950.0,3910.0,3961.0,3914.5,3927.0,3928.5,386502,3927.5,3927.5,,1328633570.0,1328633570.0,,0,3,SUR,-0.43,
TQBR,2024-10-08,ЯНДЕКС,YDEX,41197,2892744986.0,3927.0,3900.5,4000.0,3974.5,3965.0,3982.5,729549,3964.5,3964.5,,2723695205.5,2723695205.5,,0,3,SUR,1.37,
TQBR,2024-10-09,ЯНДЕКС,YDEX,30335,1720866357.5,3982.0,3906.5,3987.0,3917.5,3940.0,3933.5,436752,3942.0,3942.0,,1478634148.0,1478634148.0,,0,3,SUR,-1.23,
TQBR,2024-10-10,ЯНДЕКС,YDEX,29313,1541405736.0,3938.0,3933.0,3994.0,3975.0,3959.5,3979.5,389312,3953.5,3953.5,,1186568439.0,1186568439.0,,0,3,SUR,1.17,
TQBR,2024-10-11,ЯНДЕКС,YDEX,58625,2300383700.5,3980.0,3944.0,4006.0,4000.0,3977.5,3975.0,578368,3975.5,3975.5,,1961822419.5,1961822419.5,,0,3,SUR,-0.11,
TQBR,2024-10-14,ЯНДЕКС,YDEX,87813,4493665710.5,3990.0,3964.0,4082.5,4071.0,4035.0,4074.0,1113527,4033.0,4033.0,,4201653704.0,4201653704.0,,0,3,SUR,2.49,
TQBR,2024-10-15,ЯНДЕКС,YDEX,44525,2707673071.0,4066.0,4059.0,4128.0,4103.5,4101.0,4091.0,660263,4101.5,4101.5,,2548999875.5,2548999875.5,,0,3,SUR,0.42,
TQBR,2024-10-16,ЯНДЕКС,YDEX,43693,2683159454.0,4099.5,4023.0,4121.5,4033.5,4070.5,4057.0,659146,4073.0,4073.0,,2418567486.5,2418567486.5,,0,3,SUR,-0.83,
TQBR,2024-10-17,ЯНДЕКС,YDEX,25716,1838556994.0,4043.0,3975.5,4065.5,4005.0,4019.0,3983.5,457459,4028.0,4028.0,,1354379122.0,1354379122.0,,0,3,SUR,-1.81,
TQBR,2024-10-18,ЯНДЕКС,YDEX,30818,1979207858.0,3981.0,3941.0,4007.0,3975.0,3976.5,3968.5,497735,3977.0,3977.0,,1838661892.0,1838661892.0,,0,3,SUR,-0.38,
TQBR,2024-10-21,ЯНДЕКС,YDEX,26969,2108450168.0,3970.0,3969.5,4054.5,4032.0,4017.0,4031.0,524893,4016.0,4016.0,,1939421805.0,1939421805.0,,0,3,SUR,1.57,
TQBR,2024-10-22,ЯНДЕКС,YDEX,23656,1733915210.0,4039.0,3954.0,4039.0,3976.0,3994.0,3964.5,434138,3999.0,3999.0,,1476869447.0,1476869447.0,,0,3,SUR,-1.65,
TQBR,2024-10-23,ЯНДЕКС,YDEX,40920,2014115017.0,3956.0,3876.5,3985.5,3953.0,3927.5,3883.5,512803,3940.0,3940.0,,1360411010.0,1360411010.0,,0,3,SUR,-2.04,
TQBR,2024-10-24,ЯНДЕКС,YDEX,40089,2363396059.0,3883.5,3879.0,3975.0,3960.0,3918.5,3969.5,603034,3915.0,3915.0,,2163704700.0,2163704700.0,,0,3,SUR,2.21,
TQBR,2024-10-25,ЯНДЕКС,YDEX,102347,5547977540.5,3975.0,3810.5,4037.0,3835.0,3921.5,3834.5,1414297,3932.5,3932.5,,4965426377.5,4965426377.5,,0,3,SUR,-3.4,
TQBR,2024-10-28,ЯНДЕКС,YDEX,106558,5960463977.5,3800.0,3655.0,3874.5,3685.5,3766.0,3743.0,1583721,3774.5,3774.5,,4952231990.0,4952231990.0,,0,3,SUR,-2.39,
TQBR,2024-10-29,ЯНДЕКС,YDEX,47870,4104353968.0,3765.0,3670.0,3792.0,3739.0,3742.5,3758.0,1097054,3738.5,3738.5,,3673166894.0,3673166894.0,,0,3,SUR,0.4,
TQBR,2024-10-30,ЯНДЕКС,YDEX,57404,2751686642.0,3769.0,3685.5,3817.5,3753.5,3767.5,3710.0,730830,3779.5,3779.5,,2156466987.5,2156466987.5,,0,3,SUR,-1.28,
TQBR,2024-10-31,ЯНДЕКС,YDEX,44346,2815400301.5,3685.0,3621.0,3734.5,3648.0,3689.0,3666.5,763630,3695.5,3695.5,,2331431935.5,2331431935.5,,0,3,SUR,-1.17,
TQBR,2024-11-01,ЯНДЕКС,YDEX,40550,2917417562.5,3675.0,3622.0,3700.0,3678.5,3658.0,3674.0,797602,3654.0,3654.0,,2507875594.5,2507875594.5,,0,3,SUR,0.2,
TQBR,2024-11-02,ЯНДЕКС,YDEX,17842,904472795.5,3681.5,3652.5,3694.0,3661.0,3672.0,3683.5,246235,3672.5,3672.5,,809038571.5,809038571.5,,0,3,SUR,0.26,
TQBR,2024-11-05,ЯНДЕКС,YDEX,44441,2403240212.0,3692.0,3602.5,3703.5,3639.5,3648.5,3646.0,658674,3650.0,3650.0,,2095492324.0,2095492324.0,,0,3,SUR,-1.02,
TQBR,2024-11-06,ЯНДЕКС,YDEX,86004,5573265896.5,3723.5,3654.5,3787.5,3670.0,3727.0,3677.0,1495191,3729.5,3729.5,,5337985232.5,5337985232.5,,0,3,SUR,0.85,
TQBR,2024-11-07,ЯНДЕКС,YDEX,42274,3908824914.0,3677.0,3619.0,3817.0,3765.0,3703.0,3811.5,1055346,3683.5,3683.5,,2962399263.5,2962399263.5,,0,3,SUR,3.66,
TQBR,2024-11-08,ЯНДЕКС,YDEX,57727,3669011551.5,3820.0,3780.5,3895.0,3818.5,3828.5,3888.0,958019,3820.0,3820.0,,2827210759.5,2827210759.5,,0,3,SUR,2.01,
TQBR,2024-11-11,ЯНДЕКС,YDEX,54562,3570573113.5,3912.0,3868.5,3944.0,3895.0,3911.5,3885.0,912789,3913.0,3913.0,,3298886011.5,3298886011.5,,0,3,SUR,-0.08,
TQBR,2024-11-12,ЯНДЕКС,YDEX,59401,4444684945.0,3884.0,3747.0,3889.0,3769.5,3799.0,3758.5,1169912,3806.0,3806.0,,3823875512.0,3823875512.0,,0,3,SUR,-3.26,
TQBR,2024-11-13,ЯНДЕКС,YDEX,62856,5242560697.5,3747.0,3682.5,3800.0,3718.5,3739.0,3693.0,1402920,3744.5,3744.5,,4359972896.5,4359972896.5,,0,3,SUR,-1.74,
TQBR,2024-11-14,ЯНДЕКС,YDEX,36308,3056941297.5,3689.0,3650.0,3730.0,3658.0,3686.0,3678.0,829316,3688.0,3688.0,,2696782091.5,2696782091.5,,0,3,SUR,-0.41,
TQBR,2024-11-15,ЯНДЕКС,YDEX,31492,2752137305.0,3678.5,3666.5,3721.0,3690.0,3686.5,3712.0,745992,3684.0,3684.0,,2238829865.5,2238829865.5,,0,3,SUR,0.92,
TQBR,2024-11-18,ЯНДЕКС,YDEX,60422,3571677479.5,3651.0,3607.5,3708.5,3682.0,3654.5,3649.0,977063,3654.5,3654.5,,3219068932.0,3219068932.0,,0,3,SUR,-1.7,
TQBR,2024-11-19,ЯНДЕКС,YDEX,68615,5145314989.0,3655.0,3540.5,3678.0,3557.5,3603.0,3560.0,1429056,3603.5,3603.5,,4685138747.0,4685138747.0,,0,3,SUR,-2.44,
TQBR,2024-11-20,ЯНДЕКС,YDEX,62146,4607870229.5,3571.0,3424.0,3587.5,3512.5,3519.0,3460.0,1309971,3546.5,3546.5,,3083883592.5,3083883592.5,,0,3,SUR,-2.81,
TQBR,2024-11-21,ЯНДЕКС,YDEX,71953,5916849697.5,3460.0,3360.0,3513.0,3403.5,3415.0,3509.0,1732661,3405.5,3405.5,,4605892240.0,4605892240.0,,0,3,SUR,1.42,
TQBR,2024-11-22,ЯНДЕКС,YDEX,37061,2986700098.0,3492.0,3406.0,3520.0,3426.5,3454.0,3415.0,864748,3458.0,3458.0,,2498609480.5,2498609480.5,,0,3,SUR,-2.68,
TQBR,2024-11-25,ЯНДЕКС,YDEX,52576,3904587488.0,3415.0,3294.0,3415.0,3368.0,3359.0,3299.5,1162821,3370.5,3370.5,,2993405536.5,2993405536.5,,0,3,SUR,-3.38,
TQBR,2024-11-26,ЯНДЕКС,YDEX,78033,5551179194.5,3306.0,3171.0,3354.5,3214.0,3249.0,3211.0,1708968,3255.0,3255.0,,4926351859.0,4926351859.0,,0,3,SUR,-2.68,
TQBR,2024-11-27,ЯНДЕКС,YDEX,123089,8656375815.0,3224.0,3092.0,3419.0,3307.0,3250.5,3385.0,2662375,3230.0,3230.0,,7107792585.5,7107792585.5,,0,3,SUR,5.42,
TQBR,2024-11-28,ЯНДЕКС,YDEX,70270,4994561167.0,3408.0,3260.0,3446.0,3378.0,3358.0,3365.5,1487341,3356.5,3356.5,,4255181331.5,4255181331.5,,0,3,SUR,-0.58,
TQBR,2024-11-29,ЯНДЕКС,YDEX,59909,3297252128.0,3352.5,3305.5,3420.0,3344.0,3359.5,3320.0,981630,3363.0,3363.0,,2925376936.0,2925376936.0,,0,3,SUR,-1.35,
TQBR,2024-12-02,ЯНДЕКС,YDEX,41490,2954620231.0,3325.0,3322.5,3443.5,3381.0,3370.5,3434.0,874686,3359.0,3359.0,,2006471556.0,2006471556.0,,0,3,SUR,3.43,
TQBR,2024-12-03,ЯНДЕКС,YDEX,41268,3331691322.0,3443.0,3338.0,3443.0,3363.0,3383.5,3380.0,984841,3386.5,3386.5,,2962153082.0,2962153082.0,,0,3,SUR,-1.57,
TQBR,2024-12-04,ЯНДЕКС,YDEX,45453,4092791644.0,3371.0,3218.0,3405.5,3295.0,3310.0,3252.0,1236787,3351.0,3351.0,,2468737699.5,2468737699.5,,0,3,SUR,-3.79,
TQBR,2024-12-05,ЯНДЕКС,YDEX,62774,4635555718.0,3256.0,3231.0,3384.0,3338.0,3306.5,3378.5,1401732,3297.5,3297.5,,3964684489.5,3964684489.5,,0,3,SUR,3.89,
TQBR,2024-12-06,ЯНДЕКС,YDEX,34409,3053171935.5,3381.0,3330.5,3417.5,3389.0,3381.5,3376.0,902947,3381.5,3381.5,,2839181720.5,2839181720.5,,0,3,SUR,-0.07,
TQBR,2024-12-09,ЯНДЕКС,YDEX,45080,3623789498.5,3400.0,3386.0,3489.5,3468.5,3456.0,3466.0,1048233,3456.5,3456.5,,3395658332.5,3395658332.5,,0,3,SUR,2.67,
TQBR,2024-12-10,ЯНДЕКС,YDEX,37629,3111152953.5,3478.0,3375.0,3483.0,3399.0,3411.0,3379.5,912035,3412.5,3412.5,,2905436188.5,2905436188.5,,0,3,SUR,-2.5,
TQBR,2024-12-11,ЯНДЕКС,YDEX,31521,2653385177.5,3385.5,3331.5,3399.5,3350.5,3371.5,3397.0,787424,3369.0,3369.0,,2052788587.5,2052788587.5,,0,3,SUR,0.52,
TQBR,2024-12-12,ЯНДЕКС,YDEX,39696,2578817773.5,3398.5,3283.0,3414.0,3327.0,3354.0,3284.0,769352,3363.5,3363.5,,2085577770.5,2085577770.5,,0,3,SUR,-3.33,
TQBR,2024-12-13,ЯНДЕКС,YDEX,22594,1690183522.0,3284.0,3282.5,3333.0,3332.0,3307.5,3321.0,510914,3306.5,3306.5,,1520781399.0,1520781399.0,,0,3,SUR,1.13,
TQBR,2024-12-16,ЯНДЕКС,YDEX,45214,3090360039.0,3303.0,3211.0,3322.0,3234.0,3256.0,3232.5,949418,3257.0,3257.0,,2530749166.0,2530749166.0,,0,3,SUR,-2.66,
TQBR,2024-12-17,ЯНДЕКС,YDEX,35951,2665390660.5,3232.5,3205.5,3288.5,3217.0,3242.0,3248.5,822069,3243.5,3243.5,,2411622493.5,2411622493.5,,0,3,SUR,0.49,
TQBR,2024-12-18,ЯНДЕКС,YDEX,37000,3140637527.0,3250.0,3191.0,3279.5,3244.5,3228.5,3255.0,972336,3220.5,3220.5,,2386220982.5,2386220982.5,,0,3,SUR,0.2,
TQBR,2024-12-19,ЯНДЕКС,YDEX,63808,4928462008.5,3265.5,3245.5,3359.0,3298.0,3306.5,3339.0,1490324,3305.5,3305.5,,4621839119.0,4621839119.0,,0,3,SUR,2.58,
TQBR,2024-12-20,ЯНДЕКС,YDEX,138092,11972558225.5,3341.0,3320.5,3732.5,3640.0,3593.0,3683.5,3331764,3589.0,3589.0,,11067351922.0,11067351922.0,,0,3,SUR,10.32,
TQBR,2024-12-23,ЯНДЕКС,YDEX,92076,9624639681.0,3736.5,3700.0,3974.0,3785.0,3825.0,3800.0,2515776,3827.0,3827.0,,9255991133.0,9255991133.0,,0,3,SUR,3.16,
TQBR,2024-12-24,ЯНДЕКС,YDEX,75914,5713706034.5,3807.5,3680.5,3807.5,3693.0,3737.0,3702.5,1529965,3736.5,3736.5,,5439591473.5,5439591473.5,,0,3,SUR,-2.57,
TQBR,2024-12-25,ЯНДЕКС,YDEX,74785,6488216283.5,3688.0,3660.5,3800.0,3735.0,3720.0,3790.0,1744041,3711.0,3711.0,,5509861756.5,5509861756.5,,0,3,SUR,2.36,
TQBR,2024-12-26,ЯНДЕКС,YDEX,79612,5417542104.0,3799.0,3730.0,3843.5,3840.0,3782.5,3785.0,1431775,3782.0,3782.0,,4834295440.0,4834295440.0,,0,3,SUR,-0.13,
TQBR,2024-12-27,ЯНДЕКС,YDEX,42576,3188453198.5,3794.0,3780.5,3856.0,3837.5,3830.5,3848.0,831850,3831.5,3831.5,,2862135370.5,2862135370.5,,0,3,SUR,1.66,
TQBR,2024-12-28,ЯНДЕКС,YDEX,34358,2625851735.0,3853.0,3849.0,3930.0,3890.0,3894.5,3928.5,674205,3890.5,3890.5,,2198096847.0,2198096847.0,,0,3,SUR,2.09,
TQBR,2024-12-30,ЯНДЕКС,YDEX,37738,2444258396.0,3939.0,3924.0,3998.5,3978.0,3969.5,3994.0,615777,3967.0,3967.0,,2026356055.5,2026356055.5,,0,3,SUR,1.67,
TQBR,2025-01-03,ЯНДЕКС,YDEX,54475,3574667419.0,4019.0,3863.0,4027.5,3894.0,3945.0,3872.5,906073,3949.5,3949.5,,3355063815.5,3355063815.5,,0,3,SUR,-3.04,
TQBR,2025-01-06,ЯНДЕКС,YDEX,25905,1554675540.5,3849.0,3795.0,3894.5,3886.0,3850.5,3891.5,403754,3847.0,3847.0,,1399848453.5,1399848453.5,,0,3,SUR,0.49,
TQBR,2025-01-08,ЯНДЕКС,YDEX,17422,1145499935.5,3891.5,3870.5,3934.0,3912.5,3913.5,3926.0,292714,3912.5,3912.5,,1007982477.5,1007982477.5,,0,3,SUR,0.89,
TQBR,2025-01-09,ЯНДЕКС,YDEX,32445,2282066964.5,3942.0,3800.0,3942.0,3822.0,3856.0,3811.5,591919,3863.0,3863.0,,1953654926.5,1953654926.5,,0,3,SUR,-2.92,
TQBR,2025-01-10,ЯНДЕКС,YDEX,46624,3704305356.5,3835.0,3801.0,3950.0,3928.0,3884.5,3934.0,953680,3879.5,3879.5,,3324022142.5,3324022142.5,,0,3,SUR,3.21,
TQBR,2025-01-13,ЯНДЕКС,YDEX,83064,5523899910.5,3952.5,3952.0,4080.5,4060.0,4024.5,4014.0,1372689,4026.5,4026.5,,4899118544.0,4899118544.0,,0,3,SUR,2.03,
TQBR,2025-01-14,ЯНДЕКС,YDEX,52841,3624947720.5,4013.0,3980.0,4089.0,4043.0,4046.0,4083.5,895832,4042.5,4042.5,,3075115388.5,3075115388.5,,0,3,SUR,1.73,
TQBR,2025-01-15,ЯНДЕКС,YDEX,56269,4590236648.5,4091.0,4021.5,4127.5,4040.0,4076.5,4114.5,1125794,4064.0,4064.0,,2990953460.5,2990953460.5,,0,3,SUR,0.76,
TQBR,2025-01-16,ЯНДЕКС,YDEX,56607,3983305214.5,4121.5,4054.5,4130.0,4075.0,4091.0,4065.5,973577,4094.0,4094.0,,3555099773.0,3555099773.0,,0,3,SUR,-1.19,
TQBR,2025-01-17,ЯНДЕКС,YDEX,37235,2927574899.5,4066.0,4030.0,4124.0,4100.0,4094.0,4113.0,715044,4091.5,4091.5,,2487780001.0,2487780001.0,,0,3,SUR,1.17,
TQBR,2025-01-20,ЯНДЕКС,YDEX,53142,4418975780.0,4150.5,4014.0,4164.0,4087.0,4099.0,4020.0,1078094,4109.0,4109.0,,3669652653.0,3669652653.0,,0,3,SUR,-2.26,
TQBR,2025-01-21,ЯНДЕКС,YDEX,38444,3374813037.5,4035.0,3958.5,4080.0,4080.0,4025.5,4070.0,838241,4021.5,4021.5,,3028924462.0,3028924462.0,,0,3,SUR,1.24,
TQBR,2025-01-22,ЯНДЕКС,YDEX,37495,2933535593.5,4075.5,4016.0,4095.5,4087.5,4062.0,4037.5,722171,4065.0,4065.0,,2175866288.0,2175866288.0,,0,3,SUR,-0.8,
TQBR,2025-01-23,ЯНДЕКС,YDEX,31963,2348830610.5,4040.0,3981.0,4050.0,4020.0,4013.0,4050.0,585299,4011.0,4011.0,,1882488667.0,1882488667.0,,0,3,SUR,0.31,
TQBR,2025-01-24,ЯНДЕКС,YDEX,24498,1599217197.0,4052.0,3996.0,4060.0,4023.5,4035.5,4037.0,396240,4037.5,4037.5,,1374403304.0,1374403304.0,,0,3,SUR,-0.32,
TQBR,2025-01-27,ЯНДЕКС,YDEX,32178,1815624408.0,4035.0,3940.5,4035.0,3966.0,3983.0,3945.0,455854,3991.0,3991.0,,1320735034.5,1320735034.5,,0,3,SUR,-2.28,
TQBR,2025-01-28,ЯНДЕКС,YDEX,46327,2846336374.0,3942.0,3923.5,4056.5,4014.0,3986.0,4040.0,714101,3978.5,3978.5,,2145905700.0,2145905700.0,,0,3,SUR,2.41,
TQBR,2025-01-29,ЯНДЕКС,YDEX,55641,3818768712.0,4040.0,4029.0,4147.0,4114.0,4098.0,4073.5,931991,4100.5,4100.5,,3292324026.0,3292324026.0,,0,3,SUR,0.83,
TQBR,2025-01-30,ЯНДЕКС,YDEX,23090,1916103364.0,4071.0,4071.0,4135.0,4127.0,4111.0,4117.0,465948,4112.5,4112.5,,1703306982.5,1703306982.5,,0,3,SUR,1.07,
TQBR,2025-01-31,ЯНДЕКС,YDEX,40098,3115536643.5,4117.0,4057.0,4154.0,4088.5,4109.5,4092.0,758121,4109.5,4109.5,,2729633570.5,2729633570.5,,0,3,SUR,-0.61,
TQBR,2025-02-03,ЯНДЕКС,YDEX,38724,2067574707.5,4081.5,4005.0,4089.5,4049.0,4040.5,4052.5,511689,4035.0,4035.0,,1614173651.5,1614173651.5,,0,3,SUR,-0.97,
TQBR,2025-02-04,ЯНДЕКС,YDEX,27097,1707429299.5,4061.0,3978.0,4086.0,4021.5,4031.5,4008.0,423539,4042.0,4042.0,,1087888416.0,1087888416.0,,0,3,SUR,-1.1,
TQBR,2025-02-05,ЯНДЕКС,YDEX,48376,2715651793.0,4010.0,3993.5,4120.0,4095.0,4059.5,4105.5,668975,4044.0,4044.0,,1822499755.5,1822499755.5,,0,3,SUR,2.43,
TQBR,2025-02-06,ЯНДЕКС,YDEX,100585,7047615460.0,4106.0,4095.0,4225.0,4162.0,4180.0,4219.0,1686085,4179.0,4179.0,,6200587112.5,6200587112.5,,0,3,SUR,2.76,
TQBR,2025-02-07,ЯНДЕКС,YDEX,62016,3773328223.5,4221.5,4176.5,4245.5,4209.5,4207.0,4200.0,896632,4208.5,4208.5,,3222106441.0,3222106441.0,,0,3,SUR,-0.45,
TQBR,2025-02-10,ЯНДЕКС,YDEX,47813,4192535380.5,4219.0,4185.5,4287.0,4273.0,4242.5,4217.0,988267,4247.0,4247.0,,2492646783.0,2492646783.0,,0,3,SUR,0.4,
TQBR,2025-02-11,ЯНДЕКС,YDEX,28923,2972261325.5,4217.0,4212.0,4293.0,4288.0,4262.5,4287.0,697374,4262.5,4262.5,,2231464152.0,2231464152.0,,0,3,SUR,1.66,
TQBR,2025-02-12,ЯНДЕКС,YDEX,129138,9950052506.0,4294.5,4264.0,4568.0,4312.0,4406.5,4519.5,2256740,4337.0,4337.0,,3505091832.5,3505091832.5,,0,3,SUR,5.42,
TQBR,2025-02-13,ЯНДЕКС,YDEX,95018,7516517815.5,4560.0,4454.5,4598.5,4529.5,4507.0,4492.0,1666755,4497.5,4497.5,,5603231612.5,5603231612.5,,0,3,SUR,-0.61,
TQBR,2025-02-14,ЯНДЕКС,YDEX,96503,7666461493.5,4794.5,4440.0,4794.5,4564.0,4562.0,4549.0,1680291,4565.0,4565.0,,6310834609.0,6310834609.0,,0,3,SUR,1.27,
TQBR,2025-02-17,ЯНДЕКС,YDEX,69205,5644075547.5,4590.5,4585.0,4718.0,4699.0,4663.5,4709.0,1210212,4661.0,4661.0,,3647016313.5,3647016313.5,,0,3,SUR,3.52,
TQBR,2025-02-18,ЯНДЕКС,YDEX,72356,6398341592.0,4718.5,4511.0,4749.5,4547.5,4595.5,4550.0,1392270,4588.0,4588.0,,4975914957.5,4975914957.5,,0,3,SUR,-3.38,
TQBR,2025-02-19,ЯНДЕКС,YDEX,54429,5199151872.5,4550.0,4527.0,4669.0,4633.5,4609.5,4646.0,1127973,4605.0,4605.0,,3484928984.5,3484928984.5,,0,3,SUR,2.11,
TQBR,2025-02-20,ЯНДЕКС,YDEX,86697,7939383805.0,4660.0,4610.5,4734.0,4648.0,4690.5,4649.0,1692660,4697.0,4697.0,,5292006583.0,5292006583.0,,0,3,SUR,0.06,
TQBR,2025-02-21,ЯНДЕКС,YDEX,39479,3185838330.0,4680.0,4590.0,4697.5,4653.5,4651.0,4667.0,685047,4648.5,4648.5,,2663888667.5,2663888667.5,,0,3,SUR,0.39,
TQBR,2025-02-24,ЯНДЕКС,YDEX,41150,3429832732.0,4667.0,4608.5,4698.0,4660.0,4654.0,4671.0,736993,4648.5,4648.5,,2520215043.0,2520215043.0,,0,3,SUR,0.09,
TQBR,2025-02-25,ЯНДЕКС,YDEX,45500,3323255883.5,4671.0,4620.0,4689.5,4634.5,4642.0,4623.5,715780,4641.5,4641.5,,2751778748.0,2751778748.0,,0,3,SUR,-1.02,
TQBR,2025-02-26,ЯНДЕКС,YDEX,98198,7015983248.0,4624.5,4412.0,4638.0,4490.0,4501.0,4440.0,1558970,4507.5,4507.5,,5463682302.5,5463682302.5,,0,3,SUR,-3.97,
TQBR,2025-02-27,ЯНДЕКС,YDEX,64362,5510743859.5,4440.0,4324.0,4519.5,4501.5,4436.0,4377.0,1242221,4460.0,4460.0,,3533140230.5,3533140230.5,,0,3,SUR,-1.42,
TQBR,2025-02-28,ЯНДЕКС,YDEX,79340,6074727703.0,4377.0,4300.0,4485.0,4416.0,4373.0,4423.0,1388817,4351.5,4351.5,,3849799019.5,3849799019.5,,0,3,SUR,1.05,
TQBR,2025-03-03,ЯНДЕКС,YDEX,74838,5018741292.5,4450.0,4260.0,4455.0,4363.5,4322.0,4347.5,1161733,4305.5,4305.5,,3326449038.0,3326449038.0,,0,3,SUR,-1.71,2025-03-03
TQBR,2025-03-04,ЯНДЕКС,YDEX,76549,6443801675.5,4368.0,4356.0,4619.5,4549.5,4517.0,4586.0,1426512,4510.5,4510.5,,4666922523.5,4666922523.5,,0,3,SUR,5.49,2025-03-04
TQBR,2025-03-05,ЯНДЕКС,YDEX,55840,4227197706.5,4586.0,4470.0,4630.0,4590.0,4570.0,4497.0,925381,4588.5,4588.5,,2629656843.0,2629656843.0,,0,3,SUR,-1.94,2025-03-05
TQBR,2025-03-06,ЯНДЕКС,YDEX,30781,2539056182.5,4498.0,4480.0,4577.5,4505.0,4521.5,4513.5,561494,4522.5,4522.5,,1860611426.0,1860611426.0,,0,3,SUR,0.37,2025-03-06
TQBR,2025-03-07,ЯНДЕКС,YDEX,64992,6022128714.0,4510.0,4474.0,4640.0,4493.5,4563.0,4553.0,1320212,4568.0,4568.0,,4671815940.0,4671815940.0,,0,3,SUR,0.88,2025-03-07
TQBR,2025-03-10,ЯНДЕКС,YDEX,39509,2319831269.5,4565.0,4537.0,4612.0,4563.0,4587.5,4562.5,505694,4591.5,4591.5,,1788420356.0,1788420356.0,,0,3,SUR,0.21,2025-03-10
TQBR,2025-03-11,ЯНДЕКС,YDEX,39844,2596745005.5,4572.0,4541.5,4614.0,4596.5,4586.0,4564.5,566301,4592.0,4592.0,,1628646937.5,1628646937.5,,0,3,SUR,0.04,2025-03-11
TQBR,2025-03-12,ЯНДЕКС,YDEX,47958,2390067587.5,4565.0,4501.0,4584.5,4550.0,4527.5,4529.0,527868,4524.0,4524.0,,1831427307.0,1831427307.0,,0,3,SUR,-0.78,2025-03-12
TQBR,2025-03-13,ЯНДЕКС,YDEX,75073,6441852719.5,4536.0,4361.0,4550.0,4459.5,4457.0,4480.0,1445273,4434.0,4434.0,,4572574825.5,4572574825.5,,0,3,SUR,-1.08,2025-03-13
TQBR,2025-03-14,ЯНДЕКС,YDEX,49031,3511016128.0,4478.0,4390.0,4558.0,4546.0,4488.0,4527.0,781910,4485.5,4485.5,,2769108899.0,2769108899.0,,0,3,SUR,1.05,2025-03-14
TQBR,2025-03-17,ЯНДЕКС,YDEX,52509,3636744583.5,4527.0,4516.0,4675.0,4656.0,4618.0,4673.5,787548,4624.0,4624.0,,2471133689.0,2471133689.0,,0,3,SUR,3.24,2025-03-17
TQBR,2025-03-18,ЯНДЕКС,YDEX,74979,5401547933.0,4678.0,4610.5,4730.0,4702.5,4682.5,4622.0,1153625,4691.0,4691.0,,3503523195.5,3503523195.5,,0,3,SUR,-1.1,2025-03-18
TQBR,2025-03-19,ЯНДЕКС,YDEX,35120,1992886217.5,4611.0,4595.5,4654.5,4639.0,4627.5,4641.0,430658,4624.5,4624.5,,1556213243.5,1556213243.5,,0,3,SUR,0.41,2025-03-19
TQBR,2025-03-20,ЯНДЕКС,YDEX,46993,2919370594.0,4641.0,4566.5,4673.5,4664.5,4630.5,4646.0,630477,4628.0,4628.0,,2632742440.0,2632742440.0,,0,3,SUR,0.11,2025-03-20
TQBR,2025-03-21,ЯНДЕКС,YDEX,33861,2104260338.5,4654.5,4611.0,4699.0,4617.0,4653.0,4625.0,452249,4657.0,4657.0,,1802812812.0,1802812812.0,,0,3,SUR,-0.45,2025-03-21
TQBR,2025-03-24,ЯНДЕКС,YDEX,32119,1915091535.5,4644.5,4555.5,4645.0,4605.0,4602.5,4584.5,416112,4609.0,4609.0,,1241541486.0,1241541486.0,,0,3,SUR,-0.88,2025-03-24
TQBR,2025-03-25,ЯНДЕКС,YDEX,34955,2339716947.0,4576.0,4541.0,4660.0,4603.5,4591.5,4646.5,509474,4580.5,4580.5,,1689047624.5,1689047624.5,,0,3,SUR,1.35,2025-03-25
TQBR,2025-03-26,ЯНДЕКС,YDEX,32082,1994860800.0,4652.0,4550.5,4674.0,4570.0,4616.5,4567.5,431715,4630.0,4630.0,,1466597257.0,1466597257.0,,0,3,SUR,-1.7,2025-03-26
TQBR,2025-03-27,ЯНДЕКС,YDEX,53774,3239265357.0,4564.0,4422.5,4574.5,4481.5,4502.0,4446.0,719266,4502.5,4502.5,,2622036569.0,2622036569.0,,0,3,SUR,-2.66,2025-03-27
TQBR,2025-03-28,ЯНДЕКС,YDEX,78320,4615581225.5,4444.0,4324.5,4470.0,4424.0,4394.5,4357.0,1050659,4395.5,4395.5,,3729425084.0,3729425084.0,,0,3,SUR,-2.0,2025-03-28
TQBR,2025-03-31,ЯНДЕКС,YDEX,88579,4731675881.5,4356.0,4226.0,4520.0,4510.5,4376.0,4476.0,1076466,4416.5,4416.5,,3267901657.0,3267901657.0,,0,3,SUR,2.73,2025-03-31
TQBR,2025-04-01,ЯНДЕКС,YDEX,47507,3374282243.5,4482.5,4345.0,4540.0,4446.0,4456.0,4355.5,757248,4468.0,4468.0,,2309143283.0,2309143283.0,,0,3,SUR,-2.69,2025-04-01
TQBR,2025-04-02,ЯНДЕКС,YDEX,52477,3233090538.5,4348.0,4343.5,4435.0,4365.5,4383.0,4409.0,737581,4385.5,4385.5,,2014226948.5,2014226948.5,,0,3,SUR,1.23,2025-04-02
TQBR,2025-04-03,ЯНДЕКС,YDEX,65260,3698525063.0,4416.0,4211.0,4434.0,4258.0,4304.0,4291.0,859790,4300.5,4300.5,,2972645475.5,2972645475.5,,0,3,SUR,-2.68,2025-04-03
TQBR,2025-04-04,ЯНДЕКС,YDEX,90707,6022834442.0,4295.0,4067.0,4313.0,4130.0,4184.0,4088.0,1439457,4201.0,4201.0,,4323696501.0,4323696501.0,,0,3,SUR,-4.73,2025-04-04
TQBR,2025-04-07,ЯНДЕКС,YDEX,137174,11581710352.0,4075.0,3901.0,4368.0,4030.5,4035.5,4069.0,2868717,4035.0,4035.0,,8556512151.0,8556512151.0,,0,3,SUR,-0.46,2025-04-07
TQBR,2025-04-08,ЯНДЕКС,YDEX,58978,4464260471.5,4100.0,3925.0,4143.0,4019.5,4051.5,3969.5,1102042,4085.5,4085.5,,2624697756.5,2624697756.5,,0,3,SUR,-2.45,2025-04-08
TQBR,2025-04-09,ЯНДЕКС,YDEX,111519,8097687670.0,3966.0,3770.0,4130.0,3890.0,3923.5,4121.0,2062061,3857.5,3857.5,,4684800922.0,4684800922.0,,0,3,SUR,3.82,2025-04-09
TQBR,2025-04-10,ЯНДЕКС,YDEX,43322,3755548992.0,4144.0,4022.5,4144.0,4084.5,4081.0,4064.5,920259,4081.0,4081.0,,2349333801.5,2349333801.5,,0,3,SUR,-1.37,2025-04-10
TQBR,2025-04-11,ЯНДЕКС,YDEX,54595,4744042154.5,4064.5,4064.5,4224.0,4169.0,4163.0,4176.0,1139637,4170.5,4170.5,,3503444456.5,3503444456.5,,0,3,SUR,2.74,2025-04-11
TQBR,2025-04-14,ЯНДЕКС,YDEX,46169,3156143280.0,4180.0,4091.5,4294.0,4170.0,4202.0,4119.5,751148,4190.0,4190.0,,1190359406.0,1190359406.0,,0,3,SUR,-1.35,2025-04-14
TQBR,2025-04-15,ЯНДЕКС,YDEX,25952,1587629103.5,4135.5,4111.0,4199.5,4150.0,4153.0,4193.0,382299,4151.0,4151.0,,1165825167.0,1165825167.0,,0,3,SUR,1.78,2025-04-15
TQBR,2025-04-16,ЯНДЕКС,YDEX,40316,2423143478.0,4185.5,4132.0,4285.0,4255.0,4222.5,4229.5,573841,4225.0,4225.0,,1826273624.5,1826273624.5,,0,3,SUR,0.87,2025-04-16
TQBR,2025-04-17,ЯНДЕКС,YDEX,47571,3439516004.5,4232.0,4140.5,4280.0,4202.0,4217.0,4252.5,815600,4211.5,4211.5,,2293894839.0,2293894839.0,,0,3,SUR,0.54,2025-04-17
TQBR,2025-04-18,ЯНДЕКС,YDEX,41701,3134149981.0,4201.0,4150.0,4235.0,4210.5,4195.0,4200.0,747113,4194.0,4194.0,,2599078664.5,2599078664.5,,0,3,SUR,-1.23,2025-04-18
TQBR,2025-04-21,ЯНДЕКС,YDEX,60293,3688097733.0,4212.5,4210.5,4336.0,4313.5,4295.0,4313.5,858652,4295.5,4295.5,,3098982966.0,3098982966.0,,0,3,SUR,2.7,2025-04-21
TQBR,2025-04-22,ЯНДЕКС,YDEX,34165,2725521482.0,4314.5,4302.0,4403.5,4340.5,4343.0,4362.5,627568,4324.0,4324.0,,1288383484.5,1288383484.5,,0,3,SUR,1.14,2025-04-22
TQBR,2025-04-23,ЯНДЕКС,YDEX,57874,4628672224.0,4362.5,4182.0,4382.0,4301.0,4249.0,4285.0,1089422,4233.0,4233.0,,3254620809.0,3254620809.0,,0,3,SUR,-1.78,2025-04-23
TQBR,2025-04-24,ЯНДЕКС,YDEX,30503,2530738325.0,4298.0,4245.0,4372.5,4308.0,4329.5,4293.0,584746,4334.5,4334.5,,2047691857.0,2047691857.0,,0,3,SUR,0.19,2025-04-24
TQBR,2025-04-25,ЯНДЕКС,YDEX,38744,3295473190.5,4300.5,4294.0,4374.0,4356.0,4338.0,4371.5,759538,4335.5,4335.5,,2434289693.0,2434289693.0,,0,3,SUR,1.83,2025-04-25
TQBR,2025-04-28,ЯНДЕКС,YDEX,40162,3650820319.0,4323.0,4237.0,4358.0,4358.0,4308.0,4283.0,847387,4306.0,4306.0,,2820019724.0,2820019724.0,,0,3,SUR,-2.02,2025-04-28
TQBR,2025-04-29,ЯНДЕКС,YDEX,38517,2271308942.0,4283.0,4131.5,4316.5,4191.0,4214.5,4155.0,539008,4220.5,4220.5,,1641212653.5,1641212653.5,,0,3,SUR,-2.99,2025-04-29
TQBR,2025-04-30,ЯНДЕКС,YDEX,48825,2926352929.0,4155.0,3993.0,4211.0,4107.5,4106.0,4106.0,712617,4120.5,4120.5,,2029848629.0,2029848629.0,,0,3,SUR,-1.18,2025-04-30
TQBR,2025-05-02,ЯНДЕКС,YDEX,40823,2232342452.5,4108.0,3900.0,4113.0,3927.5,3975.5,3905.5,561535,3976.0,3976.0,,1374878814.0,1374878814.0,,0,3,SUR,-4.88,2025-05-02
TQBR,2025-05-05,ЯНДЕКС,YDEX,50914,2838183873.5,3940.0,3814.0,3976.0,3825.0,3897.5,3860.0,728771,3887.0,3887.0,,1881838382.0,1881838382.0,,0,3,SUR,-1.17,2025-05-05
TQBR,2025-05-06,ЯНДЕКС,YDEX,54734,3129265784.0,3860.0,3817.0,4065.5,4040.0,3971.0,4013.0,787755,3966.5,3966.5,,2378823354.5,2378823354.5,,0,3,SUR,3.96,2025-05-06
TQBR,2025-05-07,ЯНДЕКС,YDEX,43564,2920297008.0,4014.0,3961.0,4092.0,3986.5,4018.0,3991.0,726922,4013.5,4013.5,,2177223227.5,2177223227.5,,0,3,SUR,-0.55,2025-05-07
TQBR,2025-05-08,ЯНДЕКС,YDEX,18217,945201232.0,3986.5,3986.5,4058.5,4020.5,4027.0,3993.5,234721,4032.0,4032.0,,575941270.0,575941270.0,,0,3,SUR,0.06,2025-05-08
TQBR,2025-05-12,ЯНДЕКС,YDEX,52249,3586338007.5,4008.5,3993.5,4190.0,4142.0,4130.5,4153.5,868397,4143.0,4143.0,,2050192655.0,2050192655.0,,0,3,SUR,4.01,2025-05-12
TQBR,2025-05-13,ЯНДЕКС,YDEX,33596,1725940660.0,4166.0,4072.5,4180.5,4135.0,4116.5,4114.5,418985,4115.0,4115.0,,1464787752.5,1464787752.5,,0,3,SUR,-0.94,2025-05-13
TQBR,2025-05-14,ЯНДЕКС,YDEX,28499,1495981570.0,4115.0,4021.0,4154.0,4125.0,4110.0,4021.0,364030,4125.5,4125.5,,857177350.5,857177350.5,,0,3,SUR,-2.27,2025-05-14
TQBR,2025-05-15,ЯНДЕКС,YDEX,52389,3572302757.5,4020.5,3924.0,4060.5,3992.5,3982.5,3989.5,897246,3976.0,3976.0,,3147347707.0,3147347707.0,,0,3,SUR,-0.78,2025-05-15
TQBR,2025-05-16,ЯНДЕКС,YDEX,40316,2945262258.0,3998.0,3910.0,4069.5,4015.0,3986.5,4022.0,738796,3984.5,3984.5,,2711672953.5,2711672953.5,,0,3,SUR,0.81,2025-05-16
TQBR,2025-05-19,ЯНДЕКС,YDEX,50264,2824613501.0,4022.0,4022.0,4128.0,4067.0,4073.0,4054.0,693444,4069.0,4069.0,,1301098226.0,1301098226.0,,0,3,SUR,0.8,2025-05-19
TQBR,2025-05-20,ЯНДЕКС,YDEX,22112,1292279413.5,4056.0,4021.0,4091.0,4030.5,4051.0,4040.5,319036,4052.0,4052.0,,1068399838.0,1068399838.0,,0,3,SUR,-0.33,2025-05-20
TQBR,2025-05-21,ЯНДЕКС,YDEX,22886,1235271157.5,4042.0,3971.0,4050.0,3998.0,4009.0,3990.5,308142,4008.5,4008.5,,1023765004.5,1023765004.5,,0,3,SUR,-1.24,2025-05-21
TQBR,2025-05-22,ЯНДЕКС,YDEX,44472,3092454798.5,3980.5,3925.0,4089.0,4055.0,3997.5,4024.0,773529,3996.0,3996.0,,2616914465.0,2616914465.0,,0,3,SUR,0.84,2025-05-22
TQBR,2025-05-23,ЯНДЕКС,YDEX,21526,1347491690.0,4029.5,3996.0,4048.0,4021.0,4016.5,4009.5,335528,4015.5,4015.5,,1072151629.0,1072151629.0,,0,3,SUR,-0.36,2025-05-23
TQBR,2025-05-26,ЯНДЕКС,YDEX,34302,1987725390.0,4004.0,3886.0,4024.0,3906.5,3934.0,3917.0,505249,3934.5,3934.5,,1406738171.0,1406738171.0,,0,3,SUR,-2.31,2025-05-26
TQBR,2025-05-27,ЯНДЕКС,YDEX,41240,2757653984.0,3917.0,3855.0,4024.0,3990.0,3969.5,3992.5,694981,3982.5,3982.5,,2083257021.0,2083257021.0,,0,3,SUR,1.93,2025-05-27
TQBR,2025-05-28,ЯНДЕКС,YDEX,65463,4891748824.0,3998.0,3995.0,4176.0,4116.5,4102.0,4165.0,1192435,4100.0,4100.0,,3967541172.0,3967541172.0,,0,3,SUR,4.32,2025-05-28
TQBR,2025-05-29,ЯНДЕКС,YDEX,29319,1999563875.0,4165.0,4105.0,4180.0,4140.0,4139.5,4117.0,483095,4140.0,4140.0,,1465120039.5,1465120039.5,,0,3,SUR,-1.15,2025-05-29
TQBR,2025-05-30,ЯНДЕКС,YDEX,42477,2831406602.0,4119.5,4105.0,4207.5,4190.0,4171.5,4172.0,678718,4175.0,4175.0,,2433511095.5,2433511095.5,,0,3,SUR,1.34,2025-05-30
TQBR,2025-06-02,ЯНДЕКС,YDEX,60177,3893730006.0,4168.5,4060.0,4189.0,4164.0,4116.0,4145.0,946036,4110.0,4110.0,,2129951674.0,2129951674.0,,0,3,SUR,-0.65,2025-06-02
TQBR,2025-06-03,ЯНДЕКС,YDEX,47395,3810769464.5,4152.0,4145.5,4240.0,4237.0,4199.5,4232.0,907362,4197.5,4197.5,,2997782442.5,2997782442.5,,0,3,SUR,2.1,2025-06-03
TQBR,2025-06-04,ЯНДЕКС,YDEX,47905,3748310683.0,4237.0,4174.0,4266.0,4208.0,4232.0,4200.0,885939,4233.0,4233.0,,2670801866.0,2670801866.0,,0,3,SUR,-0.76,2025-06-04
TQBR,2025-06-05,ЯНДЕКС,YDEX,32805,2540166124.0,4214.0,4205.5,4296.0,4288.0,4259.0,4282.0,596445,4259.5,4259.5,,2162201678.5,2162201678.5,,0,3,SUR,1.95,2025-06-05
TQBR,2025-06-06,ЯНДЕКС,YDEX,60457,5409382807.5,4284.0,4161.0,4350.0,4182.5,4260.5,4169.0,1269651,4264.0,4264.0,,4953226618.0,4953226618.0,,0,3,SUR,-2.64,2025-06-06
TQBR,2025-06-09,ЯНДЕКС,YDEX,50061,2730731788.5,4189.0,4050.0,4198.0,4068.0,4093.5,4073.0,667011,4083.0,4083.0,,2104314089.0,2104314089.0,,0,3,SUR,-2.3,2025-06-09
TQBR,2025-06-10,ЯНДЕКС,YDEX,51320,3549504966.5,4085.0,3963.0,4096.0,3976.0,3971.5,3979.0,885687,4009.5,4009.5,,2961120867.5,2961120867.5,,0,3,SUR,-2.31,2025-06-10
TQBR,2025-06-11,ЯНДЕКС,YDEX,45235,2874471644.5,3995.0,3944.0,4043.0,4022.5,4014.5,3997.5,716225,4018.5,4018.5,,2327453045.5,2327453045.5,,0,3,SUR,0.46,2025-06-11
TQBR,2025-06-13,ЯНДЕКС,YDEX,18216,1013799166.5,4020.0,3975.0,4035.0,3983.0,3998.5,3980.0,253552,3998.0,3998.0,,644671027.0,644671027.0,,0,3,SUR,-0.44,2025-06-13
TQBR,2025-06-16,ЯНДЕКС,YDEX,41276,2479516778.0,3988.0,3962.0,4049.5,3985.5,4006.0,3988.0,618974,4009.0,4009.0,,1920369240.0,1920369240.0,,0,3,SUR,0.2,2025-06-16
TQBR,2025-06-17,ЯНДЕКС,YDEX,40216,2775838628.0,4003.0,3984.0,4085.0,4059.0,4034.5,4072.0,687738,4030.5,4030.5,,2252909798.0,2252909798.0,,0,3,SUR,2.11,2025-06-17
TQBR,2025-06-18,ЯНДЕКС,YDEX,46122,2213514675.0,4082.0,4036.5,4109.0,4060.0,4073.0,4038.5,543538,4073.0,4073.0,,1824072848.5,1824072848.5,,0,3,SUR,-0.82,2025-06-18
TQBR,2025-06-19,ЯНДЕКС,YDEX,39916,2376758035.5,4042.0,4030.0,4080.0,4074.0,4048.0,4053.0,587198,4045.0,4045.0,,2051819142.0,2051819142.0,,0,3,SUR,0.36,2025-06-19
TQBR,2025-06-20,ЯНДЕКС,YDEX,25786,1912758313.0,4061.0,4030.0,4088.5,4069.5,4058.0,4045.5,471366,4058.5,4058.5,,1562739881.5,1562739881.5,,0,3,SUR,-0.19,2025-06-20
TQBR,2025-06-23,ЯНДЕКС,YDEX,30643,2070114690.5,4045.5,3994.0,4062.0,4004.5,4027.5,4007.5,513993,4032.0,4032.0,,1471859811.5,1471859811.5,,0,3,SUR,-0.94,2025-06-23
TQBR,2025-06-24,ЯНДЕКС,YDEX,44848,3018986506.5,4008.0,3986.0,4118.0,4040.5,4038.5,4106.0,747576,4020.0,4020.0,,1749563181.5,1749563181.5,,0,3,SUR,2.46,2025-06-24
TQBR,2025-06-25,ЯНДЕКС,YDEX,71124,3721585506.0,4109.5,4080.0,4186.0,4174.5,4155.5,4145.0,895716,4160.5,4160.5,,3183449360.0,3183449360.0,,0,3,SUR,0.95,2025-06-25
TQBR,2025-06-26,ЯНДЕКС,YDEX,24382,1481118340.0,4146.5,4106.0,4171.0,4171.0,4143.5,4135.5,357434,4142.0,4142.0,,1250441717.0,1250441717.0,,0,3,SUR,-0.23,2025-06-26
TQBR,2025-06-27,ЯНДЕКС,YDEX,23575,1448000972.5,4145.5,4125.0,4182.5,4166.5,4159.5,4175.0,348108,4158.0,4158.0,,1119234115.0,1119234115.0,,0,3,SUR,0.96,2025-06-27
TQBR,2025-06-30,ЯНДЕКС,YDEX,37114,2492320266.0,4178.0,4133.5,4190.0,4189.0,4155.0,4167.0,597948,4166.0,4166.0,,2029050405.0,2029050405.0,,0,3,SUR,-0.19,2025-06-30
TQBR,2025-07-01,ЯНДЕКС,YDEX,33181,3093783744.0,4175.0,4150.0,4210.0,4183.0,4185.5,4168.5,739162,4187.5,4187.5,,2099785185.5,2099785185.5,,0,3,SUR,0.04,2025-07-01
TQBR,2025-07-02,ЯНДЕКС,YDEX,36884,2439063040.5,4169.0,4105.5,4177.5,4121.5,4134.5,4131.0,590040,4133.0,4133.0,,1993338891.5,1993338891.5,,0,3,SUR,-0.9,2025-07-02
TQBR,2025-07-03,ЯНДЕКС,YDEX,37929,2503545173.5,4132.0,4108.5,4197.5,4159.0,4163.0,4121.5,601380,4169.0,4169.0,,2034905405.0,2034905405.0,,0,3,SUR,-0.23,2025-07-03
TQBR,2025-07-04,ЯНДЕКС,YDEX,39999,2208800399.0,4121.0,4076.5,4155.0,4081.5,4108.5,4088.5,537604,4111.0,4111.0,,1811755921.5,1811755921.5,,0,3,SUR,-0.8,2025-07-04
TQBR,2025-07-07,ЯНДЕКС,YDEX,32917,1564066527.0,4097.5,4056.0,4120.5,4064.0,4083.5,4060.0,383110,4085.5,4085.5,,1230593220.5,1230593220.5,,0,3,SUR,-0.7,2025-07-07
TQBR,2025-07-08,ЯНДЕКС,YDEX,38399,3481626783.0,4074.0,4037.0,4139.0,4124.5,4089.0,4090.5,851550,4086.5,4086.5,,2164790745.0,2164790745.0,,0,3,SUR,0.75,2025-07-08
TQBR,2025-07-09,ЯНДЕКС,YDEX,51356,3635340289.0,4090.0,4068.0,4185.0,4171.5,4136.5,4161.5,878826,4133.0,4133.0,,2989224382.5,2989224382.5,,0,3,SUR,1.74,2025-07-09
TQBR,2025-07-10,ЯНДЕКС,YDEX,22688,1454820192.5,4168.0,4121.0,4188.0,4175.5,4162.0,4167.5,349556,4162.0,4162.0,,1166762676.0,1166762676.0,,0,3,SUR,0.14,2025-07-10
TQBR,2025-07-11,ЯНДЕКС,YDEX,56611,3606164996.5,4169.5,3980.0,4169.5,3999.5,4068.0,3993.0,886521,4078.0,4078.0,,2888727822.0,2888727822.0,,0,3,SUR,-4.19,2025-07-11
TQBR,2025-07-14,ЯНДЕКС,YDEX,65862,4774895271.5,3993.0,3955.5,4160.0,4106.0,4063.0,4143.0,1175296,4062.0,4062.0,,3685503066.5,3685503066.5,,0,3,SUR,3.76,2025-07-14
TQBR,2025-07-15,ЯНДЕКС,YDEX,68233,4482543186.5,4143.0,4122.5,4277.5,4263.5,4224.0,4242.0,1061188,4231.5,4231.5,,3700399937.5,3700399937.5,,0,3,SUR,2.39,2025-07-15
TQBR,2025-07-16,ЯНДЕКС,YDEX,42022,3362683602.5,4243.0,4243.0,4340.5,4333.0,4307.0,4329.5,780693,4306.0,4306.0,,2665441671.5,2665441671.5,,0,3,SUR,2.06,2025-07-16
TQBR,2025-07-17,ЯНДЕКС,YDEX,44801,3209373745.0,4338.0,4242.0,4370.5,4286.0,4303.5,4259.0,745777,4301.5,4301.5,,2578175224.5,2578175224.5,,0,3,SUR,-1.63,2025-07-17
TQBR,2025-07-18,ЯНДЕКС,YDEX,51409,4682538715.5,4255.0,4250.5,4418.0,4400.0,4362.5,4401.0,1073505,4362.5,4362.5,,3905337964.0,3905337964.0,,0,3,SUR,3.33,2025-07-18
TQBR,2025-07-21,ЯНДЕКС,YDEX,38843,3220569492.5,4401.0,4380.0,4448.0,4401.0,4411.5,4395.5,729980,4409.5,4409.5,,2321863876.0,2321863876.0,,0,3,SUR,-0.12,2025-07-21
TQBR,2025-07-22,ЯНДЕКС,YDEX,36892,2205752495.0,4395.0,4337.0,4430.0,4380.5,4388.0,4388.0,502672,4389.0,4389.0,,1894288368.0,1894288368.0,,0,3,SUR,-0.17,2025-07-22
TQBR,2025-07-23,ЯНДЕКС,YDEX,38861,3405861200.0,4377.0,4337.0,4442.5,4396.5,4394.5,4372.5,775039,4396.0,4396.0,,3022145401.5,3022145401.5,,0,3,SUR,-0.35,2025-07-23
TQBR,2025-07-24,ЯНДЕКС,YDEX,32510,2360380456.0,4383.5,4284.5,4399.0,4300.0,4321.5,4300.0,546153,4323.5,4323.5,,1907911103.0,1907911103.0,,0,3,SUR,-1.66,2025-07-24
TQBR,2025-07-25,ЯНДЕКС,YDEX,70037,5017600717.0,4297.5,4227.5,4346.5,4246.0,4285.0,4247.0,1170926,4287.0,4287.0,,4548473034.5,4548473034.5,,0,3,SUR,-1.23,2025-07-25
TQBR,2025-07-28,ЯНДЕКС,YDEX,74444,5578488159.5,4259.5,4127.0,4316.0,4165.0,4212.5,4185.0,1324335,4211.0,4211.0,,4747143313.5,4747143313.5,,0,3,SUR,-1.46,2025-07-28
TQBR,2025-07-29,ЯНДЕКС,YDEX,46160,3509095200.5,4185.0,4130.0,4236.0,4180.5,4192.5,4154.5,837039,4201.0,4201.0,,1987888295.0,1987888295.0,,0,3,SUR,-0.73,2025-07-29
TQBR,2025-07-30,ЯНДЕКС,YDEX,33030,2008429922.0,4160.0,4136.0,4193.0,4192.0,4170.0,4159.0,481626,4172.0,4172.0,,1588339622.5,1588339622.5,,0,3,SUR,0.11,2025-07-30
TQBR,2025-07-31,ЯНДЕКС,YDEX,26331,1854874566.5,4165.0,4152.0,4213.5,4182.0,4178.0,4181.0,443939,4177.5,4177.5,,1604254409.0,1604254409.0,,0,3,SUR,0.53,2025-07-31
TQBR,2025-08-01,ЯНДЕКС,YDEX,45139,3477799511.5,4182.5,4074.5,4220.0,4125.5,4154.0,4123.5,837282,4166.0,4166.0,,2378165731.0,2378165731.0,,0,3,SUR,-1.38,2025-08-01
TQBR,2025-08-04,ЯНДЕКС,YDEX,37952,1743322517.0,4131.0,4121.0,4182.0,4175.0,4159.5,4178.5,419163,4158.0,4158.0,,1327598397.5,1327598397.5,,0,3,SUR,1.33,2025-08-04
TQBR,2025-08-05,ЯНДЕКС,YDEX,34561,2227074995.0,4187.5,4164.0,4209.0,4204.0,4188.5,4190.0,531706,4187.0,4187.0,,1775720682.0,1775720682.0,,0,3,SUR,0.28,2025-08-05
TQBR,2025-08-06,ЯНДЕКС,YDEX,57384,4954993252.0,4200.0,4158.0,4350.0,4212.0,4239.0,4274.0,1168182,4198.0,4198.0,,1800737011.0,1800737011.0,,0,3,SUR,2.0,2025-08-06
TQBR,2025-08-07,ЯНДЕКС,YDEX,65772,5486950270.5,4297.5,4263.0,4417.5,4300.0,4356.5,4370.0,1259551,4366.0,4366.0,,4368036849.0,4368036849.0,,0,3,SUR,2.25,2025-08-07
TQBR,2025-08-08,ЯНДЕКС,YDEX,36149,2575346239.5,4377.0,4313.5,4420.0,4373.0,4365.5,4418.5,590007,4350.0,4350.0,,1607832602.0,1607832602.0,,0,3,SUR,1.11,2025-08-08
TQBR,2025-08-11,ЯНДЕКС,YDEX,59895,3873546374.0,4425.5,4378.5,4459.0,4425.5,4436.0,4405.0,873356,4441.0,4441.0,,2745806278.0,2745806278.0,,0,3,SUR,-0.31,2025-08-11
TQBR,2025-08-12,ЯНДЕКС,YDEX,30957,2053744110.0,4405.0,4350.0,4430.0,4418.5,4393.0,4394.0,467519,4397.5,4397.5,,1507687647.0,1507687647.0,,0,3,SUR,-0.25,2025-08-12
TQBR,2025-08-13,ЯНДЕКС,YDEX,31752,1800682902.5,4409.0,4325.0,4438.0,4372.5,4386.0,4336.0,410565,4396.5,4396.5,,1155098869.5,1155098869.5,,0,3,SUR,-1.32,2025-08-13
TQBR,2025-08-14,ЯНДЕКС,YDEX,39720,2924965870.0,4352.5,4316.0,4407.0,4390.0,4371.5,4374.5,669147,4372.0,4372.0,,2531998620.0,2531998620.0,,0,3,SUR,0.89,2025-08-14
TQBR,2025-08-15,ЯНДЕКС,YDEX,48055,2137928272.0,4380.0,4359.0,4420.0,4410.0,4392.5,4410.0,486636,4390.5,4390.5,,1687689563.5,1687689563.5,,0,3,SUR,0.81,2025-08-15
TQBR,2025-08-18,ЯНДЕКС,YDEX,85679,5470870437.0,4364.0,4277.0,4509.5,4408.0,4414.5,4506.0,1238767,4409.0,4409.0,,3507698647.5,3507698647.5,,0,3,SUR,2.18,2025-08-18
TQBR,2025-08-19,ЯНДЕКС,YDEX,39109,3159549880.5,4507.0,4407.5,4525.5,4436.0,4474.5,4438.5,706008,4477.0,4477.0,,2259758336.5,2259758336.5,,0,3,SUR,-1.5,2025-08-19
TQBR,2025-08-20,ЯНДЕКС,YDEX,37988,1862178279.5,4438.5,4362.5,4464.0,4384.5,4397.5,4380.5,423479,4396.0,4396.0,,1592015803.5,1592015803.5,,0,3,SUR,-1.31,2025-08-20
TQBR,2025-08-21,ЯНДЕКС,YDEX,38197,2752839876.5,4380.5,4281.0,4416.0,4317.0,4353.5,4290.0,632512,4358.5,4358.5,,2132219841.5,2132219841.5,,0,3,SUR,-2.07,2025-08-21
TQBR,2025-08-22,ЯНДЕКС,YDEX,43152,2021188614.5,4299.5,4265.0,4359.0,4312.0,4305.0,4342.0,469457,4302.5,4302.5,,1611525269.0,1611525269.0,,0,3,SUR,1.21,2025-08-22
TQBR,2025-08-25,ЯНДЕКС,YDEX,48344,1814047560.5,4342.0,4280.0,4367.5,4354.5,4329.0,4343.5,419003,4325.0,4325.0,,1335858007.0,1335858007.0,,0,3,SUR,0.03,2025-08-25
TQBR,2025-08-26,ЯНДЕКС,YDEX,20215,1163734368.0,4344.0,4343.5,4398.0,4370.0,4378.0,4377.0,265780,4381.5,4381.5,,963690743.0,963690743.0,,0,3,SUR,0.77,2025-08-26
TQBR,2025-08-27,ЯНДЕКС,YDEX,23398,1749012859.0,4379.5,4327.0,4392.5,4348.5,4353.0,4343.0,401795,4353.5,4353.5,,1409424323.0,1409424323.0,,0,3,SUR,-0.78,2025-08-27
TQBR,2025-08-28,ЯНДЕКС,YDEX,21563,1463695131.0,4343.0,4283.5,4354.0,4345.5,4328.0,4309.0,338192,4344.0,4344.0,,740083524.0,740083524.0,,0,3,SUR,-0.78,2025-08-28
TQBR,2025-08-29,ЯНДЕКС,YDEX,36389,1457953768.5,4311.0,4275.5,4333.0,4291.5,4295.5,4282.5,339398,4295.0,4295.0,,1280479980.0,1280479980.0,,0,3,SUR,-0.61,2025-08-29
TQBR,2025-09-01,ЯНДЕКС,YDEX,26589,1588855759.5,4293.5,4275.0,4329.5,4275.0,4306.0,4282.5,368969,4311.5,4311.5,,1101419808.5,1101419808.5,,0,3,SUR,0.0,2025-09-01
TQBR,2025-09-02,ЯНДЕКС,YDEX,31360,1834471389.0,4285.0,4255.0,4309.0,4267.0,4276.0,4288.0,428999,4276.0,4276.0,,1358494035.5,1358494035.5,,0,3,SUR,0.13,2025-09-02
TQBR,2025-09-03,ЯНДЕКС,YDEX,22082,1354587925.5,4290.0,4244.0,4322.0,4275.0,4282.0,4290.0,316335,4279.0,4279.0,,1077632475.5,1077632475.5,,0,3,SUR,0.05,2025-09-03
TQBR,2025-09-04,ЯНДЕКС,YDEX,16837,1302357603.0,4296.5,4277.0,4320.0,4299.0,4301.0,4299.5,302791,4301.5,4301.5,,1079106369.0,1079106369.0,,0,3,SUR,0.22,2025-09-04
TQBR,2025-09-05,ЯНДЕКС,YDEX,20389,1350901210.5,4303.0,4301.5,4349.5,4335.0,4334.5,4341.0,311666,4336.0,4336.0,,1121976897.0,1121976897.0,,0,3,SUR,0.97,2025-09-05
TQBR,2025-09-08,ЯНДЕКС,YDEX,49387,2943698045.0,4342.0,4325.0,4413.0,4395.0,4368.5,4405.0,673803,4365.5,4365.5,,2265472968.0,2265472968.0,,0,3,SUR,1.47,2025-09-08
TQBR,2025-09-09,ЯНДЕКС,YDEX,29511,1989827559.5,4405.0,4355.5,4425.0,4363.0,4391.0,4375.0,453442,4388.0,4388.0,,1646852784.0,1646852784.0,,0,3,SUR,-0.68,2025-09-09
TQBR,2025-09-10,ЯНДЕКС,YDEX,23577,1498023297.5,4375.0,4312.0,4383.0,4330.0,4343.0,4323.5,344955,4351.0,4351.0,,867850064.5,867850064.5,,0,3,SUR,-1.18,2025-09-10
TQBR,2025-09-11,ЯНДЕКС,YDEX,41142,2132108629.0,4320.0,4279.5,4332.5,4305.0,4298.5,4297.0,495988,4297.5,4297.5,,1933053174.5,1933053174.5,,0,3,SUR,-0.61,2025-09-11
TQBR,2025-09-12,ЯНДЕКС,YDEX,48891,2855166743.0,4312.0,4171.5,4312.0,4188.0,4238.0,4200.0,673681,4243.0,4243.0,,2458458580.0,2458458580.0,,0,3,SUR,-2.26,2025-09-12
TQBR,2025-09-15,ЯНДЕКС,YDEX,43164,1971945663.0,4220.5,4120.0,4222.0,4135.0,4166.5,4150.0,473297,4159.5,4159.5,,1522176068.0,1522176068.0,,0,3,SUR,-1.19,2025-09-15
TQBR,2025-09-16,ЯНДЕКС,YDEX,38776,2036172756.0,4157.5,4058.5,4183.0,4130.0,4123.5,4127.5,493769,4119.5,4119.5,,1748230691.5,1748230691.5,,0,3,SUR,-0.54,2025-09-16
TQBR,2025-09-17,ЯНДЕКС,YDEX,39510,1851372805.5,4128.0,4100.0,4164.0,4125.5,4129.0,4161.0,448318,4125.5,4125.5,,1476815859.5,1476815859.5,,0,3,SUR,0.81,2025-09-17
TQBR,2025-09-18,ЯНДЕКС,YDEX,42779,2246838499.5,4161.5,4100.5,4174.5,4133.0,4123.5,4108.5,544863,4121.5,4121.5,,1794258957.0,1794258957.0,,0,3,SUR,-1.26,2025-09-18
TQBR,2025-09-19,ЯНДЕКС,YDEX,57018,2865250757.5,4122.5,4073.5,4168.0,4102.0,4121.5,4080.0,695224,4131.5,4131.5,,2095768348.0,2095768348.0,,0,3,SUR,-0.69,2025-09-19
TQBR,2025-09-22,ЯНДЕКС,YDEX,36784,2618250958.0,4079.5,4026.5,4130.0,4111.0,4077.5,4121.5,642139,4072.0,4072.0,,2152594206.0,2152594206.0,,0,3,SUR,1.02,2025-09-22
TQBR,2025-09-23,ЯНДЕКС,YDEX,39798,2564376881.5,4132.5,4005.5,4166.5,4157.5,4104.0,4052.0,624869,4134.5,4134.5,,1232873874.0,1232873874.0,,0,3,SUR,-1.69,2025-09-23
TQBR,2025-09-24,ЯНДЕКС,YDEX,38635,2797019001.5,4061.0,4007.0,4160.0,4104.0,4100.5,4131.0,682092,4109.5,4109.5,,2120964069.5,2120964069.5,,0,3,SUR,1.95,2025-09-24
TQBR,2025-09-25,ЯНДЕКС,YDEX,36771,1984567024.5,4134.0,4061.0,4167.0,4083.5,4112.5,4084.0,482598,4115.0,4115.0,,1616759625.5,1616759625.5,,0,3,SUR,-1.14,2025-09-25
TQBR,2025-09-26,ЯНДЕКС,YDEX,27156,1955245666.0,4085.0,4067.5,4114.0,4103.5,4093.0,4097.0,477678,4094.0,4094.0,,1278618970.0,1278618970.0,,0,3,SUR,0.32,2025-09-26
TQBR,2025-09-29,ЯНДЕКС,YDEX,45072,2917326912.5,4023.5,3930.0,4065.5,3989.5,4011.5,3940.0,727423,4028.5,4028.5,,2160469891.0,2160469891.0,,0,3,SUR,-3.83,2025-09-29
TQBR,2025-09-30,ЯНДЕКС,YDEX,36790,2412515286.5,3941.0,3911.5,3970.0,3930.0,3941.5,3926.5,612111,3940.5,3940.5,,1994196755.5,1994196755.5,,0,3,SUR,-0.34,2025-09-30
TQBR,2025-10-01,ЯНДЕКС,YDEX,37143,2315854333.5,3921.0,3827.0,3957.0,3870.0,3891.5,3845.0,595002,3899.5,3899.5,,1744973666.0,1744973666.0,,0,3,SUR,-2.08,2025-10-01
TQBR,2025-10-02,ЯНДЕКС,YDEX,45655,3028706950.5,3846.0,3742.0,3868.0,3780.0,3797.5,3757.0,797558,3804.5,3804.5,,2090518606.5,2090518606.5,,0,3,SUR,-2.29,2025-10-02
TQBR,2025-10-03,ЯНДЕКС,YDEX,40222,2137132818.5,3767.0,3761.0,3828.0,3799.5,3794.0,3764.0,563319,3798.5,3798.5,,1628581853.5,1628581853.5,,0,3,SUR,0.19,2025-10-03
TQBR,2025-10-06,ЯНДЕКС,YDEX,71007,4226820137.5,3766.0,3695.5,3917.5,3908.0,3846.5,3902.5,1099417,3866.0,3866.0,,3151443891.5,3151443891.5,,0,3,SUR,3.68,2025-10-06
TQBR,2025-10-07,ЯНДЕКС,YDEX,30641,2042685661.0,3900.0,3880.0,3945.0,3931.0,3918.5,3918.0,521326,3921.5,3921.5,,1576518403.0,1576518403.0,,0,3,SUR,0.4,2025-10-07
TQBR,2025-10-08,ЯНДЕКС,YDEX,63582,3975315071.5,3928.0,3724.5,3943.0,3738.5,3824.0,3798.0,1039822,3836.0,3836.0,,2924497451.0,2924497451.0,,0,3,SUR,-3.06,2025-10-08
TQBR,2025-10-09,ЯНДЕКС,YDEX,69391,5644533536.0,3813.0,3659.5,3970.5,3927.0,3832.0,3932.5,1472981,3827.0,3827.0,,5003803545.0,5003803545.0,,0,3,SUR,3.54,2025-10-09
TQBR,2025-10-10,ЯНДЕКС,YDEX,41913,2764702425.0,3932.5,3802.0,3954.5,3829.5,3875.5,3806.5,713423,3877.5,3877.5,,2345971043.5,2345971043.5,,0,3,SUR,-3.2,2025-10-10
TQBR,2025-10-13,ЯНДЕКС,YDEX,47002,2989780748.0,3817.5,3773.0,3911.5,3825.0,3844.0,3822.5,777797,3847.0,3847.0,,2420811300.5,2420811300.5,,0,3,SUR,0.42,2025-10-13
TQBR,2025-10-14,ЯНДЕКС,YDEX,38766,2672411524.0,3822.5,3760.5,3868.0,3790.0,3813.5,3788.5,700862,3814.5,3814.5,,2317245100.0,2317245100.0,,0,3,SUR,-0.89,2025-10-14
TQBR,2025-10-15,ЯНДЕКС,YDEX,27325,1683856165.5,3796.0,3746.0,3844.0,3815.5,3806.5,3792.0,442418,3807.0,3807.0,,1399067415.0,1399067415.0,,0,3,SUR,0.09,2025-10-15
TQBR,2025-10-16,ЯНДЕКС,YDEX,53450,4258088420.5,3791.5,3787.0,4073.0,3896.0,3927.0,4065.0,1083556,3853.0,3853.0,,1912174907.5,1912174907.5,,0,3,SUR,7.2,2025-10-16
TQBR,2025-10-17,ЯНДЕКС,YDEX,48300,3286712900.5,4073.0,3982.0,4155.5,4110.0,4077.0,4117.0,806008,4073.5,4073.5,,2402005933.5,2402005933.5,,0,3,SUR,1.28,2025-10-17
TQBR,2025-10-20,ЯНДЕКС,YDEX,33680,2325914494.5,4128.5,4117.5,4208.5,4167.0,4162.0,4155.0,558826,4154.5,4154.5,,1233814996.5,1233814996.5,,0,3,SUR,0.92,2025-10-20
TQBR,2025-10-21,ЯНДЕКС,YDEX,52952,3575060790.5,4147.5,3857.0,4160.5,3963.5,4010.5,3996.0,891692,4008.0,4008.0,,2071134470.5,2071134470.5,,0,3,SUR,-3.83,2025-10-21
TQBR,2025-10-22,ЯНДЕКС,YDEX,45369,3368292019.0,4009.0,3855.0,4028.0,3965.5,3948.0,3905.0,853161,3975.5,3975.5,,1788117387.5,1788117387.5,,0,3,SUR,-2.28,2025-10-22
TQBR,2025-10-23,ЯНДЕКС,YDEX,29025,2092009664.5,3827.5,3812.0,3927.5,3894.0,3887.0,3914.0,538201,3895.5,3895.5,,1447912149.0,1447912149.0,,0,3,SUR,0.23,2025-10-23
TQBR,2025-10-24,ЯНДЕКС,YDEX,33793,2575169885.5,3916.0,3814.5,3952.0,3858.5,3866.5,3841.5,665978,3863.5,3863.5,,2284219642.5,2284219642.5,,0,3,SUR,-1.85,2025-10-24
TQBR,2025-10-27,ЯНДЕКС,YDEX,36109,2268395668.0,3850.0,3770.0,3855.0,3819.5,3799.5,3800.0,597035,3798.0,3798.0,,1641958559.5,1641958559.5,,0,3,SUR,-1.08,2025-10-27
TQBR,2025-10-28,ЯНДЕКС,YDEX,36094,2347281326.5,3815.0,3794.0,3888.0,3839.0,3847.0,3887.5,610128,3847.0,3847.0,,1798833459.0,1798833459.0,,0,3,SUR,2.3,2025-10-28
TQBR,2025-10-29,ЯНДЕКС,YDEX,62407,4990793558.0,3888.0,3863.0,4023.0,3979.5,3979.0,3972.0,1254232,3988.5,3988.5,,4288273978.5,4288273978.5,,0,3,SUR,2.17,2025-10-29
TQBR,2025-10-30,ЯНДЕКС,YDEX,37199,3231384966.0,3972.0,3966.5,4080.0,4063.5,4024.5,4055.5,802909,4020.0,4020.0,,2511152609.5,2511152609.5,,0,3,SUR,2.1,2025-10-30
TQBR,2025-10-31,ЯНДЕКС,YDEX,25794,2124284845.0,4057.5,3940.0,4088.0,3996.0,4009.5,3978.5,529793,4016.0,4016.0,,1506965389.5,1506965389.5,,0,3,SUR,-1.9,2025-10-31
TQBR,2025-11-01,ЯНДЕКС,YDEX,16808,920156833.5,3987.0,3973.5,4022.5,4012.5,4004.5,4008.0,229790,4004.5,4004.5,,706094115.0,706094115.0,,0,3,SUR,0.74,2025-11-01
TQBR,2025-11-03,ЯНДЕКС,YDEX,19116,1217266945.5,4013.0,4013.0,4104.5,4065.5,4071.0,4077.0,298946,4075.0,4075.0,,752870523.5,752870523.5,,0,3,SUR,1.72,2025-11-03
TQBR,2025-11-05,ЯНДЕКС,YDEX,32666,2060588369.0,4069.5,4033.0,4100.0,4059.5,4073.0,4067.0,505994,4075.0,4075.0,,1670632482.0,1670632482.0,,0,3,SUR,-0.25,2025-11-05
TQBR,2025-11-06,ЯНДЕКС,YDEX,15864,994682526.5,4067.0,4015.0,4085.0,4052.0,4047.5,4043.0,245678,4046.0,4046.0,,786659951.0,786659951.0,,0,3,SUR,-0.59,2025-11-06
TQBR,2025-11-07,ЯНДЕКС,YDEX,22310,1515773161.0,4039.0,4024.5,4095.0,4059.5,4072.0,4064.0,372211,4074.5,4074.5,,1232108342.0,1232108342.0,,0,3,SUR,0.52,2025-11-07
TQBR,2025-11-10,ЯНДЕКС,YDEX,36715,2001427374.5,4074.5,4057.5,4118.0,4068.0,4091.0,4072.5,489187,4092.5,4092.5,,1368117172.0,1368117172.0,,0,3,SUR,0.21,2025-11-10
TQBR,2025-11-11,ЯНДЕКС,YDEX,36112,1789340140.0,4074.0,4015.5,4084.0,4035.0,4045.5,4049.0,442311,4045.0,4045.0,,1388167124.5,1388167124.5,,0,3,SUR,-0.58,2025-11-11
TQBR,2025-11-12,ЯНДЕКС,YDEX,38849,1653045811.0,4059.0,3963.5,4059.5,3994.5,4001.5,3995.0,413088,4002.5,4002.5,,1386698741.0,1386698741.0,,0,3,SUR,-1.33,2025-11-12
TQBR,2025-11-13,ЯНДЕКС,YDEX,22190,1272358043.0,3995.0,3947.0,4010.0,3964.5,3980.5,3965.0,319763,3978.5,3978.5,,1072517386.0,1072517386.0,,0,3,SUR,-0.75,2025-11-13
TQBR,2025-11-14,ЯНДЕКС,YDEX,17783,1053446362.0,3965.5,3934.0,3989.5,3941.0,3957.5,3953.0,266111,3959.0,3959.0,,918175873.0,918175873.0,,0,3,SUR,-0.3,2025-11-14
TQBR,2025-11-17,ЯНДЕКС,YDEX,27677,1211825099.0,3955.0,3882.5,3976.0,3911.0,3926.5,3883.0,308604,3927.0,3927.0,,826389267.5,826389267.5,,0,3,SUR,-1.77,2025-11-17
TQBR,2025-11-18,ЯНДЕКС,YDEX,50292,3739190186.5,3885.0,3868.5,4016.5,3930.0,3938.0,3925.0,949560,3940.0,3940.0,,3275465080.0,3275465080.0,,0,3,SUR,1.08,2025-11-18
TQBR,2025-11-19,ЯНДЕКС,YDEX,69800,5587507098.5,3935.5,3921.0,4150.0,4112.0,4053.5,4092.0,1374969,4061.5,4061.5,,4643617740.5,4643617740.5,,0,3,SUR,4.25,2025-11-19
TQBR,2025-11-20,ЯНДЕКС,YDEX,42429,2990714225.5,4092.0,4063.5,4180.0,4101.0,4113.0,4172.0,727103,4087.5,4087.5,,1473269476.0,1473269476.0,,0,3,SUR,1.96,2025-11-20
TQBR,2025-11-21,ЯНДЕКС,YDEX,34053,2382953926.5,4175.0,4087.0,4194.5,4154.0,4140.0,4157.0,575516,4133.0,4133.0,,1700844722.5,1700844722.5,,0,3,SUR,-0.36,2025-11-21
TQBR,2025-11-24,ЯНДЕКС,YDEX,36386,1850388619.0,4170.0,4070.0,4187.0,4090.0,4124.5,4103.0,448604,4116.5,4116.5,,1366595986.5,1366595986.5,,0,3,SUR,-1.3,2025-11-24
TQBR,2025-11-25,ЯНДЕКС,YDEX,33823,2174280146.0,4108.5,4065.0,4169.0,4155.5,4128.0,4154.0,526491,4126.0,4126.0,,1768646721.0,1768646721.0,,0,3,SUR,1.24,2025-11-25
TQBR,2025-11-26,ЯНДЕКС,YDEX,14705,965550463.0,4140.0,4135.0,4168.5,4161.5,4156.0,4145.0,232350,4156.5,4156.5,,741114039.5,741114039.5,,0,3,SUR,-0.22,2025-11-26
TQBR,2025-11-27,ЯНДЕКС,YDEX,21096,1343238071.5,4150.0,4082.0,4176.5,4103.5,4134.5,4105.5,324948,4132.5,4132.5,,1130595616.0,1130595616.0,,0,3,SUR,-0.95,2025-11-27
TQBR,2025-11-28,ЯНДЕКС,YDEX,20324,1517717630.5,4108.5,4099.5,4194.5,4182.0,4149.5,4185.5,365786,4143.0,4143.0,,1193076035.5,1193076035.5,,0,3,SUR,1.95,2025-11-28
TQBR,2025-12-01,ЯНДЕКС,YDEX,28505,1772269263.0,4193.0,4166.0,4220.0,4204.0,4195.5,4192.5,422445,4196.0,4196.0,,1245875884.0,1245875884.0,,0,3,SUR,0.17,2025-12-01
TQBR,2025-12-02,ЯНДЕКС,YDEX,34881,3186514450.5,4190.0,4182.0,4239.5,4226.5,4220.0,4220.5,755026,4220.5,4220.5,,2772989266.0,2772989266.0,,0,3,SUR,0.67,2025-12-02
TQBR,2025-12-03,ЯНДЕКС,YDEX,27430,1863970505.5,4192.0,4120.0,4220.0,4169.0,4156.0,4170.5,448473,4143.5,4143.5,,1182937106.5,1182937106.5,,0,3,SUR,-1.18,2025-12-03
TQBR,2025-12-04,ЯНДЕКС,YDEX,21244,1492580813.0,4177.0,4166.5,4233.5,4209.0,4208.5,4202.0,354698,4212.0,4212.0,,1235175066.5,1235175066.5,,0,3,SUR,0.76,2025-12-04
TQBR,2025-12-05,ЯНДЕКС,YDEX,33577,2864266101.5,4203.0,4202.0,4303.0,4298.0,4274.5,4288.0,670060,4275.5,4275.5,,2487258945.0,2487258945.0,,0,3,SUR,2.05,2025-12-05
